ID,Region Of Residence,Age Of Subject,Time Spent On Online Class,Rating Of Online Class Experience,Medium For Online Class,Time Spent On Self Study,Time Spent On Fitness,Time Spent On Sleep,Time Spent On Social Media,Preferred Social Media Platform
0,Delhi-NCR,21,2,Good,Laptop/Desktop,4,0,7,3,Linkedin
1,Delhi-NCR,21,0,Excellent,Smartphone,0,2,10,3,Youtube
2,Delhi-NCR,20,7,Very poor,Laptop/Desktop,3,0,6,2,Linkedin
3,Delhi-NCR,20,3,Very poor,Smartphone,2,1,6,5,Instagram
4,Delhi-NCR,21,3,Good,Laptop/Desktop,3,1,8,3,Instagram
5,Delhi-NCR,21,0,Very poor,Smartphone,6,0,5,1,Youtube
6,Delhi-NCR,19,2,Very poor,Smartphone,2,1,5,4,Instagram
7,Outside Delhi-NCR,19,2,Very poor,Tablet,1,1,10,5,Instagram
8,Delhi-NCR,21,3,Very poor,Laptop/Desktop,4,1,8,2,WhatsApp
9,Outside Delhi-NCR,20,0,Very poor,Laptop/Desktop,1,0.5,8,5,Instagram
10,Delhi-NCR,21,3,Good,Laptop/Desktop,3,1,8,3,Instagram
11,Delhi-NCR,21,1,Very poor,Laptop/Desktop,0,1,7,3,Instagram
12,Delhi-NCR,21,3,Average,Laptop/Desktop,0,0,8,3,Instagram
13,Outside Delhi-NCR,22,1,Good,Laptop/Desktop,2,0,7,0,None
14,Delhi-NCR,20,5,Very poor,Laptop/Desktop,1,0,8,3,Instagram
15,Delhi-NCR,22,3,Average,Smartphone,3,1,6,2,Instagram
16,Outside Delhi-NCR,20,0,Good,Smartphone,0,0,8,2,Reddit
17,Delhi-NCR,20,1,Very poor,Smartphone,2,1,8,1,Youtube
18,Delhi-NCR,21,0,Very poor,Laptop/Desktop,4,0,7,7,Youtube
19,Delhi-NCR,22,5,Very poor,Smartphone,2,1,8,4,Instagram
20,Delhi-NCR,20,4,Excellent,Laptop/Desktop,5,0,6,2,Linkedin
21,Delhi-NCR,21,5,Average,Laptop/Desktop,2,1,10,5,Instagram
22,Delhi-NCR,21,4,Very poor,Smartphone,1,0,8,6,Instagram
23,Delhi-NCR,21,4,Average,Laptop/Desktop,2,1,7,1,Linkedin
24,Delhi-NCR,20,3,Very poor,Smartphone,4,2,9,2,Instagram
25,Delhi-NCR,20,5,Very poor,Smartphone,2,0,9,5,Linkedin
26,Delhi-NCR,21,4,Very poor,Laptop/Desktop,5,0,8,3,Instagram
27,Delhi-NCR,20,3,Very poor,Laptop/Desktop,6,0,9,2,WhatsApp
28,Delhi-NCR,31,8,Average,Laptop/Desktop,4,1,6,2,Linkedin
29,Delhi-NCR,22,4,Very poor,Smartphone,6,1,5,3,Youtube
30,Delhi-NCR,19,4,Very poor,Smartphone,5,1,7,2,WhatsApp
31,Delhi-NCR,23,4,Excellent,Laptop/Desktop,18,1,8,2,Snapchat
32,Delhi-NCR,21,0,Very poor,,5,2,4,2,Omegle
33,Delhi-NCR,22,5,Very poor,Laptop/Desktop,1,0,6,2,Linkedin
34,Delhi-NCR,20,0,NA,,6,1,6,5,Instagram
35,Outside Delhi-NCR,21,6,Average,Smartphone,2,1,8,3,Instagram
36,Delhi-NCR,17,4,Very poor,Laptop/Desktop,1,1,7,1.5,Instagram
37,Outside Delhi-NCR,20,4,Average,Laptop/Desktop,2,0,8,2,Instagram
38,Outside Delhi-NCR,22,1,Very poor,Smartphone,2,0.5,8,2,Linkedin
39,Delhi-NCR,20,0,NA,,8,0,8,0,Youtube
40,Delhi-NCR,24,4,Good,Laptop/Desktop,4,2,6,4,Youtube
41,Outside Delhi-NCR,21,0,Very poor,Laptop/Desktop,0,0,10,8,Youtube
42,Delhi-NCR,20,7,Very poor,Smartphone,2,1,8,2,WhatsApp
43,Delhi-NCR,21,5,Very poor,Laptop/Desktop,3,1,8,1,Instagram
44,Delhi-NCR,18,2,Average,Smartphone,2,3,12,1,Linkedin
45,Delhi-NCR,22,3,Very poor,Laptop/Desktop,2,0,8,1,Instagram
46,Delhi-NCR,20,2,Very poor,Smartphone,6,2,7,1,Instagram
47,Delhi-NCR,20,2,Very poor,Smartphone,3,0,6,2,Youtube
48,Delhi-NCR,21,3,Very poor,Laptop/Desktop,4,2,8,2,Twitter
49,Delhi-NCR,18,4,Good,Laptop/Desktop,2,0,8,4,Instagram
50,Delhi-NCR,19,0,Very poor,Smartphone,1,0,8,2,Youtube
51,Delhi-NCR,20,5,Average,Laptop/Desktop,6,1,7,2,WhatsApp
52,Delhi-NCR,21,3,Average,Laptop/Desktop,17,0,5,1,Youtube
53,Delhi-NCR,19,0,Average,Smartphone,2,2,10,1,Instagram
54,Delhi-NCR,21,4,Average,Smartphone,4,1,8,2,Youtube
55,Delhi-NCR,19,4,Very poor,Smartphone,2,0,7,1,WhatsApp
56,Delhi-NCR,19,2,Very poor,Smartphone,2,2,8,1,Youtube
57,Delhi-NCR,18,1,Very poor,Smartphone,8,0,8,5,Youtube
58,Delhi-NCR,20,5,Average,Laptop/Desktop,1,1,7,1,WhatsApp
59,Delhi-NCR,21,0,Very poor,Smartphone,5,0,8,1,Instagram
60,Delhi-NCR,22,6,Very poor,Laptop/Desktop,6,0,6,1,Instagram
61,Delhi-NCR,20,3,Very poor,Laptop/Desktop,6,1,8,1,Instagram
62,Delhi-NCR,18,0,Very poor,Laptop/Desktop,2,1,6,5,Instagram
63,Delhi-NCR,20,2,Very poor,Laptop/Desktop,0,1,8,2,Instagram
64,Delhi-NCR,23,2,Very poor,Smartphone,1,1,7,5,Instagram
65,Delhi-NCR,20,4,Average,Smartphone,4,2,7,2,Instagram
66,Outside Delhi-NCR,19,0,NA,,0,2,6,4,Instagram
67,Delhi-NCR,18,3,Average,Smartphone,1,1,8,3,WhatsApp
68,Delhi-NCR,20,1.5,Very poor,Smartphone,3,2,9,1,Youtube
69,Delhi-NCR,19,2,Very poor,Tablet,2,1,8,5,Instagram
70,Outside Delhi-NCR,20,2,Very poor,Smartphone,3,1,6,2,Instagram
71,Delhi-NCR,22,6,Very poor,Smartphone,4,0,7,2,WhatsApp
72,Delhi-NCR,20,2,Very poor,Smartphone,2,0,7,3,WhatsApp
73,Delhi-NCR,19,1,Average,Laptop/Desktop,0.5,1,7,5,Instagram
74,Delhi-NCR,18,3,Very poor,Smartphone,2,2,8,8,Instagram
75,Outside Delhi-NCR,19,3,Average,Smartphone,5,0,5,4,Telegram
76,Delhi-NCR,19,0,Very poor,Smartphone,1,1,8,2,Instagram
77,Delhi-NCR,20,3,Average,Laptop/Desktop,3,0,10,10,Facebook
78,Delhi-NCR,20,3,Excellent,Laptop/Desktop,0,1,8,5,Youtube
79,Delhi-NCR,19,1,Good,Laptop/Desktop,4,0,8,2,None
80,Delhi-NCR,21,5,Average,Laptop/Desktop,5,0,8,7,Instagram
81,Delhi-NCR,21,3,Good,Smartphone,2,1,10,1,Youtube
82,Delhi-NCR,19,2,Very poor,Smartphone,2,0.5,9,3,Instagram
83,Delhi-NCR,20,0,Very poor,Laptop/Desktop,1,1,12,2,Instagram
84,Outside Delhi-NCR,21,1,Poor,Smartphone,8,0,10,1,WhatsApp
85,Delhi-NCR,19,2,Very poor,Tablet,2,1,8,5,Instagram
86,Delhi-NCR,20,5,Average,Smartphone,3,1,7,1.5,Instagram
87,Outside Delhi-NCR,21,4,Very poor,Smartphone,3,1,8,1,Linkedin
88,Delhi-NCR,18,3,Very poor,Smartphone,4,1,7,1,WhatsApp
89,Outside Delhi-NCR,19,4,Average,Smartphone,3,1,7,3,Instagram
90,Outside Delhi-NCR,25,4,Very poor,Smartphone,3,1,7,1,Instagram
91,Delhi-NCR,19,0,Very poor,Smartphone,4,1,8,1,WhatsApp
92,Delhi-NCR,19,4,Very poor,Laptop/Desktop,0,0,8,2,Instagram
93,Delhi-NCR,20,4,Good,Smartphone,2,2,8,6,Instagram
94,Delhi-NCR,20,2,Average,Smartphone,3,1,5,4,Instagram
95,Delhi-NCR,19,5,Good,Tablet,3,1,8,2,Snapchat
96,Delhi-NCR,19,3,Average,Smartphone,1,0,10,4,WhatsApp
97,Delhi-NCR,22,2,Average,Smartphone,0,0,12,4,Instagram
98,Outside Delhi-NCR,21,1,Good,Smartphone,3,2,10,1,Youtube
99,Delhi-NCR,21,1,Very poor,Smartphone,2,1,8,1,WhatsApp
100,Outside Delhi-NCR,16,6,Poor,Smartphone,2,2,7,2,Youtube
101,Outside Delhi-NCR,21,3,Average,Laptop/Desktop,5,0,8,7,Linkedin
102,Outside Delhi-NCR,21,4,Very poor,Smartphone,4,1,7,1,WhatsApp
103,Outside Delhi-NCR,16,3,Very poor,Smartphone,3,1,7,3,Youtube
104,Delhi-NCR,21,2,Very poor,Smartphone,7,2,8,0.5,Instagram
105,Outside Delhi-NCR,23,4,Excellent,Laptop/Desktop,6,1,8,0.3,WhatsApp
106,Delhi-NCR,19,2,Very poor,Smartphone,1.5,1,7,2,Youtube
107,Delhi-NCR,20,1,Very poor,Smartphone,2,1,8,1,Instagram
108,Delhi-NCR,18,2,Very poor,Smartphone,3,1,8,1,Instagram
109,Outside Delhi-NCR,10,3,Good,Tablet,3,0,10,1,Youtube
110,Outside Delhi-NCR,20,0,Very poor,Smartphone,2,2,8,0.15,Linkedin
111,Delhi-NCR,21,3,Average,Smartphone,3,0,11,2,WhatsApp
112,Delhi-NCR,19,1,Very poor,Smartphone,4,1,8,1,Youtube
113,Outside Delhi-NCR,14,5,Average,Laptop/Desktop,4,1,7,4,Instagram
114,Delhi-NCR,18,2,Very poor,Smartphone,3,1,10,2,WhatsApp
115,Delhi-NCR,18,3,Very poor,Smartphone,6,0,7,3,Youtube
116,Outside Delhi-NCR,24,4,Excellent,Laptop/Desktop,8,1,8,2,Youtube
117,Outside Delhi-NCR,14,3,Good,Smartphone,5,1,12,0.3,Instagram
118,Outside Delhi-NCR,21,4,Good,Laptop/Desktop,2,2,7,2,Instagram
119,Delhi-NCR,19,2,Average,Smartphone,6,1,6,1,Instagram
120,Delhi-NCR,18,2.5,Average,Smartphone,2,1,8,1,Youtube
121,Outside Delhi-NCR,23,6,Average,Laptop/Desktop,5,1,6,1,Linkedin
122,Outside Delhi-NCR,21,4,Average,Smartphone,4,1,8,1,Youtube
123,Delhi-NCR,18,5,Very poor,Smartphone,3,0,9,7,WhatsApp
124,Delhi-NCR,19,1,Very poor,Smartphone,2,0,7,1,WhatsApp
125,Outside Delhi-NCR,20,5,Average,Smartphone,4,1,7,2,WhatsApp
126,Delhi-NCR,20,2,Average,Smartphone,3,0.5,6.5,1,WhatsApp
127,Delhi-NCR,19,2,Very poor,Smartphone,4,1,8,2,Youtube
128,Outside Delhi-NCR,15,1,Good,Smartphone,3,1,6,4,WhatsApp
129,Delhi-NCR,19,0,NA,,1,3,8,5,Instagram
130,Outside Delhi-NCR,20,3,Very poor,Smartphone,3,0,9,2,Youtube
131,Delhi-NCR,17,6,Average,Laptop/Desktop,4,1,8,1,Youtube
132,Delhi-NCR,18,2,Very poor,Smartphone,2,1,9,2,Linkedin
133,Delhi-NCR,20,2,Very poor,Smartphone,4,0,10,4,WhatsApp
134,Delhi-NCR,18,5,Average,Smartphone,1,1,8,1,Youtube
135,Delhi-NCR,22,0.1,Poor,Smartphone,2.5,1,12,0.3,Youtube
136,Delhi-NCR,18,3,Very poor,Smartphone,5,1,7,2,Youtube
137,Delhi-NCR,15,4,Average,Smartphone,2,0.5,6,1,WhatsApp
138,Outside Delhi-NCR,22,1,Very poor,Laptop/Desktop,10,1,7,1,WhatsApp
139,Delhi-NCR,19,3,Very poor,Laptop/Desktop,2,1,9,1,Youtube
140,Delhi-NCR,20,3,Very poor,Smartphone,5,0,7,2,Instagram
141,Outside Delhi-NCR,20,3,Very poor,Smartphone,3,0,9,2,Youtube
142,Delhi-NCR,20,1,Very poor,Smartphone,1,0,6,0,None
143,Delhi-NCR,18,2,Poor,Smartphone,6,1,7,1,Youtube
144,Delhi-NCR,19,2,Very poor,Smartphone,2,2,8,2,Youtube
145,Outside Delhi-NCR,14,4,Average,Smartphone,2,1,8,2,WhatsApp
146,Delhi-NCR,20,6,Average,Laptop/Desktop,1,1,6,1,Linkedin
147,Delhi-NCR,20,3,Average,Laptop/Desktop,2,1,8,2,Linkedin
148,Delhi-NCR,19,6,Very poor,Smartphone,3,0,7,2,WhatsApp
149,Delhi-NCR,19,1,Average,Laptop/Desktop,1,1,10,1,Instagram
150,Delhi-NCR,18,2,Very poor,Smartphone,2,1,10,2,WhatsApp
151,Outside Delhi-NCR,21,4,Very poor,Smartphone,4,1,8,2,Instagram
152,Outside Delhi-NCR,15,4,Average,Smartphone,7,2,6,1,Instagram
153,Delhi-NCR,20,5,Very poor,Tablet,3,1,8,2,WhatsApp
154,Outside Delhi-NCR,21,1,Very poor,Smartphone,3,0,6,1,Instagram
155,Delhi-NCR,19,0.5,Very poor,Smartphone,7,2,7,0.1,Instagram
156,Delhi-NCR,20,3,Very poor,Laptop/Desktop,1,0,6,2,Facebook
157,Delhi-NCR,21,5,Average,Smartphone,1,0,5,1,WhatsApp
158,Delhi-NCR,21,4,Excellent,Laptop/Desktop,6,2,6,1,Youtube
159,Delhi-NCR,21,3,Very poor,Smartphone,2,0,7,2,Twitter
160,Delhi-NCR,20,4,Average,Laptop/Desktop,2,0,7,2,Snapchat
161,Outside Delhi-NCR,20,6,Very poor,Smartphone,3,0,8,4,Linkedin
162,Outside Delhi-NCR,23,0,Very poor,Laptop/Desktop,1,0,10,4,Linkedin
163,Outside Delhi-NCR,21,4,Very poor,Smartphone,3,1,8,1,Youtube
164,Delhi-NCR,22,1,Very poor,Smartphone,4,1,7,2,Linkedin
165,Delhi-NCR,23,3,Good,Tablet,0,0,12,4,Instagram
166,Delhi-NCR,22,4,Good,Smartphone,4,0.5,8,2,WhatsApp
167,Outside Delhi-NCR,21,0,Very poor,Smartphone,1,0,7,10,WhatsApp
168,Outside Delhi-NCR,20,0,Very poor,Smartphone,3,2,12,1,Instagram
169,Outside Delhi-NCR,15,4,Average,Smartphone,2,3,7,1,Instagram
170,Outside Delhi-NCR,20,0,Very poor,Smartphone,3,2,8,2,WhatsApp
171,Outside Delhi-NCR,20,0,Very poor,Smartphone,1,0,8,0.5,WhatsApp
172,Outside Delhi-NCR,16,4,Excellent,Laptop/Desktop,3,2,10,1,Youtube
173,Outside Delhi-NCR,22,1,Average,Smartphone,3,1,7,1,WhatsApp
174,Delhi-NCR,20,5,Average,Laptop/Desktop,4,0,10,2,Linkedin
175,Outside Delhi-NCR,21,0,Good,Smartphone,4,1,8,2,Instagram
176,Outside Delhi-NCR,34,3,Good,Laptop/Desktop,3,1,7,1,WhatsApp
177,Outside Delhi-NCR,22,0,Average,Laptop/Desktop,3,1,9,0,Telegram
178,Delhi-NCR,22,6,Good,Laptop/Desktop,2,1,8,4,Instagram
179,Outside Delhi-NCR,21,1,Average,Laptop/Desktop,1,2,7,2,Youtube
180,Outside Delhi-NCR,20,1,Very poor,Smartphone,2,1,8,3,WhatsApp
181,Outside Delhi-NCR,21,3,Average,Smartphone,0.5,3,6,2,Instagram
182,Outside Delhi-NCR,19,2,Very poor,Smartphone,2,1,8,2,Instagram
183,Outside Delhi-NCR,22,1,Very poor,Smartphone,7,0,7,1,Facebook
184,Outside Delhi-NCR,20,3,Very poor,Laptop/Desktop,1.5,1,6,2,Reddit
185,Outside Delhi-NCR,14,4,Very poor,Smartphone,1,0,9,1.5,WhatsApp
186,Delhi-NCR,22,1,Average,Smartphone,4,0.5,11,1,Instagram
187,Outside Delhi-NCR,22,2,Average,Laptop/Desktop,5,0,8,3,Instagram
188,Delhi-NCR,19,2,Poor,Smartphone,10,0.25,8,2,Instagram
189,Outside Delhi-NCR,21,1,Average,Smartphone,0,1,6,2,WhatsApp
190,Outside Delhi-NCR,15,5,Average,Smartphone,5,0,7,3,Instagram
191,Outside Delhi-NCR,21,3,Good,Laptop/Desktop,3,0.5,8,4,Youtube
192,Delhi-NCR,21,3,Very poor,Smartphone,8,3,7,3,Youtube
193,Outside Delhi-NCR,34,3,Average,Laptop/Desktop,3,1,8,1,WhatsApp
194,Outside Delhi-NCR,22,3,Very poor,Laptop/Desktop,0,5,8,10,Twitter
195,Outside Delhi-NCR,34,1.5,Poor,Laptop/Desktop,1,0,6,1,Linkedin
196,Delhi-NCR,21,4,Good,Laptop/Desktop,4,1,7,2,Instagram
197,Outside Delhi-NCR,20,3,Average,Laptop/Desktop,3,1,7,1,Instagram
198,Outside Delhi-NCR,20,3,Very poor,Laptop/Desktop,5,0,7.5,2,WhatsApp
199,Outside Delhi-NCR,25,2,Very poor,Laptop/Desktop,3,1,8,4,Facebook
200,Outside Delhi-NCR,19,0.5,Very poor,Smartphone,3,1,8,1,Instagram
201,Delhi-NCR,26,5,Average,Laptop/Desktop,10,1,8,1,Youtube
202,Outside Delhi-NCR,20,3,Good,Laptop/Desktop,4,0,8,2,Youtube
203,Delhi-NCR,24,7,Very poor,Laptop/Desktop,7,2,7,2,Youtube
204,Delhi-NCR,21,0,Very poor,Laptop/Desktop,0,2,12,6,Facebook
205,Delhi-NCR,20,5,Good,Smartphone,2.5,1,9,3,Instagram
206,Delhi-NCR,16,7,Average,Tablet,4,1,7,1,WhatsApp
207,Delhi-NCR,17,6,Average,Laptop/Desktop,1,0,7,2,Reddit
208,Delhi-NCR,59,3,Average,Smartphone,6,1,9,0.5,WhatsApp
209,Delhi-NCR,17,7,Good,Smartphone,4,0,7,1,WhatsApp
210,Delhi-NCR,16,6,Very poor,Smartphone,5,0,7,2,Youtube
211,Outside Delhi-NCR,20,3,Average,Laptop/Desktop,4,1,7,2,Linkedin
212,Delhi-NCR,17,6,Very poor,Smartphone,1.5,2,7,2,Instagram
213,Delhi-NCR,17,6,Average,Laptop/Desktop,5,0.5,7,1,WhatsApp
214,Delhi-NCR,20,3,Good,Laptop/Desktop,4,0,7,4,WhatsApp
215,Outside Delhi-NCR,17,6,Average,Tablet,2,1,7,1,WhatsApp
216,Delhi-NCR,20,4,Very poor,Smartphone,2,0,7,0.5,WhatsApp
217,Outside Delhi-NCR,16,8,Good,Laptop/Desktop,7,0,6,1,WhatsApp
218,Delhi-NCR,19,0.5,Very poor,Smartphone,5,0.5,10,1,WhatsApp
219,Delhi-NCR,20,0,Very poor,Laptop/Desktop,2,0,10,3,Instagram
220,Outside Delhi-NCR,22,4,Average,Laptop/Desktop,3,1,8,3,WhatsApp
221,Outside Delhi-NCR,17,9,Poor,Laptop/Desktop,3,0,5,0.5,Instagram
222,Delhi-NCR,23,1,Very poor,Smartphone,8,2,8,2,Instagram
223,Outside Delhi-NCR,22,0,Very poor,Laptop/Desktop,3,0,10,8,Instagram
224,Delhi-NCR,22,1.5,Average,Laptop/Desktop,0,0,9,6,Instagram
225,Outside Delhi-NCR,19,2,Very poor,Smartphone,2,1,8,2,WhatsApp
226,Delhi-NCR,19,2,Very poor,Smartphone,5,1,9,2,Twitter
227,Outside Delhi-NCR,23,1,Very poor,Laptop/Desktop,1,0,8,5,WhatsApp
228,Outside Delhi-NCR,32,4,Good,Laptop/Desktop,5,2,5,3,Facebook
229,Delhi-NCR,17,6,Average,Smartphone,12,1,8,2,WhatsApp
230,Delhi-NCR,21,0,NA,,10,1,5,0.5,Linkedin
231,Delhi-NCR,22,4,Average,Laptop/Desktop,3,2,8,2,WhatsApp
232,Outside Delhi-NCR,17,6,Very poor,Any Gadget,4,2.5,8,0.5,Instagram
233,Outside Delhi-NCR,17,5,Average,Laptop/Desktop,1.5,2,8,1,Youtube
234,Delhi-NCR,22,5,Good,Laptop/Desktop,10,1,6,1,Elyment
235,Outside Delhi-NCR,18,2,Very poor,Smartphone,2,2,9,4,Youtube
236,Delhi-NCR,20,5,Very poor,Laptop/Desktop,12,0,7,1,Reddit
237,Outside Delhi-NCR,30,3,Average,Smartphone,1,0.5,4,1,WhatsApp
238,Delhi-NCR,19,1,Average,Laptop/Desktop,1,0,8,1,Youtube
239,Outside Delhi-NCR,14,3,Good,Laptop/Desktop,2,0,8,1,WhatsApp
240,Outside Delhi-NCR,19,0,NA,,2,1,8,4,Instagram
241,Outside Delhi-NCR,16,7,Average,Smartphone,3,2,11,1.5,Instagram
242,Delhi-NCR,17,6,Average,Smartphone,2,1,9,3,Instagram
243,Delhi-NCR,20,1,Very poor,Tablet,2,2,8,1,Youtube
244,Delhi-NCR,17,4,Good,Smartphone,2,0,7,3,Instagram
245,Delhi-NCR,20,6,Average,Any Gadget,2,0,6,4,Instagram
246,Outside Delhi-NCR,17,5,Average,Smartphone,4,2,7,2,Youtube
247,Delhi-NCR,21,3,Very poor,Laptop/Desktop,2,0,7,2,Facebook
248,Delhi-NCR,16,4,Poor,Laptop/Desktop,0,0,9,1,WhatsApp
249,Delhi-NCR,21,5,Average,Smartphone,2,2,6,5,Instagram
250,Delhi-NCR,18,0,NA,,8,0.5,5,3,Linkedin
251,Outside Delhi-NCR,20,4,Good,Laptop/Desktop,5,1,7,0.1,WhatsApp
252,Outside Delhi-NCR,14,4,Average,Smartphone,4,0,8,2,Instagram
253,Delhi-NCR,19,3,Good,Laptop/Desktop,2,0,8,5,Youtube
254,Delhi-NCR,18,0,Very poor,Laptop/Desktop,3,0,8,4,Facebook
255,Outside Delhi-NCR,13,5,Very poor,Laptop/Desktop,4,1,8,10,WhatsApp
256,Outside Delhi-NCR,20,4,Very poor,Laptop/Desktop,8,0,6,1,Instagram
257,Outside Delhi-NCR,19,0,Very poor,Laptop/Desktop,4,0.3,8,2,WhatsApp
258,Outside Delhi-NCR,15,5,Average,Smartphone,1,0,7,1,Youtube
259,Outside Delhi-NCR,20,1,Very poor,Smartphone,0,0,10,5,Youtube
260,Delhi-NCR,19,0,Very poor,Laptop/Desktop,1,0,8,4,Twitter
261,Outside Delhi-NCR,21,3,Good,Laptop/Desktop,3,1,6,0.5,WhatsApp
262,Outside Delhi-NCR,20,4,Very poor,Laptop/Desktop,2,1,8,4,Youtube
263,Delhi-NCR,20,4,Good,Laptop/Desktop,5,1,6,2,Youtube
264,Outside Delhi-NCR,16,6,Good,Laptop/Desktop,3,0,7,1,WhatsApp
265,Delhi-NCR,21,2,Poor,Laptop/Desktop,2,1,5,3,WhatsApp
266,Delhi-NCR,17,5.5,Good,Smartphone,5,1,9,1,Youtube
267,Delhi-NCR,21,0,Average,Laptop/Desktop,12,0,7,3,Youtube
268,Delhi-NCR,20,0,Good,Smartphone,0,0,7.5,3.5,Youtube
269,Delhi-NCR,21,4,Average,Laptop/Desktop,2,1,8,3,Instagram
270,Delhi-NCR,20,3,Very poor,Smartphone,5,1,7,1,WhatsApp
271,Outside Delhi-NCR,16,4,Poor,Smartphone or Laptop/Desktop,2.5,0.5,6,0.5,WhatsApp
272,Outside Delhi-NCR,19,0,Very poor,Laptop/Desktop,8,1,8,2,WhatsApp
273,Delhi-NCR,19,1,Very poor,Laptop/Desktop,3,0,8,3,Instagram
274,Outside Delhi-NCR,19,1,Excellent,Laptop/Desktop,1,3,9,2,Youtube
275,Delhi-NCR,20,2,Good,Laptop/Desktop,1,0,10,1,WhatsApp
276,Delhi-NCR,19,2,Average,Smartphone,3,1,9,3,WhatsApp
277,Outside Delhi-NCR,17,7,Average,Laptop/Desktop,2,0,6,2,Youtube
278,Delhi-NCR,21,0,Very poor,Laptop/Desktop,2,0,8,3,WhatsApp
279,Outside Delhi-NCR,17,6,Good,Smartphone,4,0,7,1,WhatsApp
280,Delhi-NCR,25,5,Average,Laptop/Desktop,6,0,8,1,Instagram
281,Delhi-NCR,19,3,Average,Laptop/Desktop,6,0.5,8,0.6,Linkedin
282,Delhi-NCR,16,5,Very poor,Smartphone,2,1,8,2,WhatsApp
283,Delhi-NCR,17,7,Good,Smartphone,5,0.5,7,2,WhatsApp
284,Delhi-NCR,18,1,Average,Smartphone,2,0,10,1,Instagram
285,Outside Delhi-NCR,20,5,Excellent,Laptop/Desktop,1,1,8,3,Instagram
286,Delhi-NCR,20,3,Very poor,Laptop/Desktop,9,1,6,1,WhatsApp
287,Delhi-NCR,20,1,Very poor,Laptop/Desktop,3,1,9,4,Instagram
288,Delhi-NCR,22,3,Average,Smartphone,3,0,8,2,Instagram
289,Outside Delhi-NCR,16,7,Excellent,Tablet,2,1,6,2,WhatsApp
290,Delhi-NCR,19,2,Very poor,Laptop/Desktop,1,1,7,5,Instagram
291,Outside Delhi-NCR,17,9,Average,Laptop/Desktop,5,1,6,1,Youtube
292,Outside Delhi-NCR,20,0,Average,Laptop/Desktop,1,0,9,5,WhatsApp
293,Delhi-NCR,21,0,Very poor,Laptop/Desktop,6,0,6,4,Youtube
294,Outside Delhi-NCR,19,2,Very poor,Laptop/Desktop,3,1,8,1,Instagram
295,Delhi-NCR,17,8,Very poor,Smartphone,2,1,9,0,WhatsApp
296,Outside Delhi-NCR,25,1,Average,Laptop/Desktop,3,1,7,3,WhatsApp
297,Delhi-NCR,20,3,Average,Smartphone,2,0.5,8,3,WhatsApp
298,Outside Delhi-NCR,21,0,Very poor,,1,0,10,3,Instagram
299,Outside Delhi-NCR,19,5,Excellent,Smartphone,5,1,7,2,Youtube
300,Delhi-NCR,23,5,Average,Smartphone,5,1,8,1,WhatsApp
301,Outside Delhi-NCR,22,2,Average,Laptop/Desktop,8,1,8,2,Linkedin
302,Outside Delhi-NCR,22,4,Average,Laptop/Desktop,1,1,8,4,Youtube
303,Outside Delhi-NCR,18,0,NA,,1,1,12,4,Instagram
304,Delhi-NCR,21,3,Average,Laptop/Desktop,3,2,6.5,2,Youtube
305,Outside Delhi-NCR,22,1,Average,Smartphone,3,1,8,1,Instagram
306,Outside Delhi-NCR,24,3,Very poor,Laptop/Desktop,4,0,6,3,WhatsApp
307,Delhi-NCR,14,3,Average,Tablet,6,3,7,3,Instagram
308,Outside Delhi-NCR,16,4,Very poor,Smartphone,3,0,8,4,Youtube
309,Delhi-NCR,19,1,Average,Laptop/Desktop,3,2,7,1,Instagram
310,Outside Delhi-NCR,21,5,Very poor,Laptop/Desktop,3,2,10,6,Youtube
311,Delhi-NCR,17,2,Average,Laptop/Desktop,5,0,8,4,Youtube
312,Delhi-NCR,16,4,Good,Smartphone,2,0.5,9,1,Instagram
313,Delhi-NCR,29,8,Good,Laptop/Desktop,2,1,8,0.5,Instagram
314,Outside Delhi-NCR,26,1,Good,Laptop/Desktop,4,0,6,6,Facebook
315,Delhi-NCR,21,5,Very poor,Smartphone,2,1,12,2,Instagram
316,Outside Delhi-NCR,18,0,Very poor,Smartphone,0,2,7,6,Instagram
317,Delhi-NCR,19,3,Very poor,Smartphone,0,0,12,5,Instagram
318,Delhi-NCR,21,2,Average,Laptop/Desktop,2,1,10,2,Youtube
319,Delhi-NCR,12,1,Good,Laptop/Desktop,3,2,8,2,Youtube
320,Delhi-NCR,26,0,Very poor,Smartphone,1,1,7,1,WhatsApp
321,Outside Delhi-NCR,20,6,Very poor,Laptop/Desktop,6,0,6,3,WhatsApp
322,Delhi-NCR,16,4,Very poor,Smartphone,2,1,9,2,Youtube
323,Delhi-NCR,21,0,Average,Laptop/Desktop,2,0,10,5,Twitter
324,Outside Delhi-NCR,21,5,Average,Laptop/Desktop,2,0,8,0.5,WhatsApp
325,Delhi-NCR,20,6,Average,Laptop/Desktop,4,0,7,1,Linkedin
326,Delhi-NCR,21,0,Very poor,Laptop/Desktop,2,1,7,1,Instagram
327,Outside Delhi-NCR,21,2,Average,Smartphone,2,1,7,1,WhatsApp
328,Delhi-NCR,19,1,Very poor,Laptop/Desktop,0,0,12,10,Instagram
329,Outside Delhi-NCR,21,2,Average,Laptop/Desktop,2,0,8,2,Instagram
330,Delhi-NCR,14,5,Average,Smartphone,2.3,0,8,2,Youtube
331,Delhi-NCR,22,1,Average,Laptop/Desktop,2,0,11,3,WhatsApp
332,Delhi-NCR,19,2,Average,Smartphone,2.5,0,9,2,Facebook
333,Outside Delhi-NCR,18,4,Average,Smartphone,1,1,12,1,Instagram
334,Outside Delhi-NCR,16,8,Average,Laptop/Desktop,6,0,6,1,Youtube
335,Outside Delhi-NCR,43,2,Average,Smartphone,0,1,6,2,Facebook
336,Outside Delhi-NCR,15,4,Very poor,Tablet,10,0,8,1,Twitter
337,Outside Delhi-NCR,32,1,Very poor,Laptop/Desktop,10,1,8,2,Twitter
338,Delhi-NCR,15,3,Good,Laptop/Desktop,3,1,7,1,Youtube
339,Outside Delhi-NCR,22,0,NA,,5,1,7,2,Youtube
340,Delhi-NCR,16,4,Average,,4,1,6,1,WhatsApp
341,Outside Delhi-NCR,21,2,Very poor,,4,0,9,2,WhatsApp
342,Outside Delhi-NCR,14,5,Good,,2,1,9,1,WhatsApp
343,Delhi-NCR,19,2,Very poor,,1,1,11,3,WhatsApp
344,Outside Delhi-NCR,18,1.5,Average,,2,1,8,1,WhatsApp
345,Delhi-NCR,11,4,Average,,2,2,10,1,WhatsApp
346,Delhi-NCR,24,0.5,Average,,2,0,8,1,Instagram
347,Outside Delhi-NCR,21,3,Average,Laptop/Desktop,3,1,8,2,Instagram
348,Delhi-NCR,15,5,Average,Smartphone,3,3,8,3,Instagram
349,Delhi-NCR,34,2,Average,Laptop/Desktop,3,1,7,2,Twitter
350,Delhi-NCR,17,0.75,Average,Smartphone,5,1,6,2,Youtube
351,Delhi-NCR,12,1,Excellent,Smartphone,2,1,9,2,Youtube
352,Delhi-NCR,16,1,Average,Smartphone,2,1,7,2,WhatsApp
353,Delhi-NCR,17,7,Average,Laptop/Desktop,8,1,6,1,WhatsApp
354,Delhi-NCR,14,2.5,Good,Smartphone,1,0.5,6,2,Youtube
355,Outside Delhi-NCR,16,4,Average,Smartphone,5,1,6,2,WhatsApp
356,Delhi-NCR,13,2,Excellent,Smartphone,1,3,11,3,Youtube
357,Delhi-NCR,23,0,Average,Laptop/Desktop,2,0,7,3,Linkedin
358,Delhi-NCR,21,6,Very poor,Smartphone,0,1,7,4,Instagram
359,Outside Delhi-NCR,31,4,Excellent,Laptop/Desktop,2,1,8,1,Facebook
360,Delhi-NCR,23,5,Excellent,Smartphone,1,1,9,2,WhatsApp
361,Delhi-NCR,13,1,Excellent,Smartphone,5,3,6,2,Instagram
362,Delhi-NCR,21,3,Average,Laptop/Desktop,0,1,8,3,Instagram
363,Delhi-NCR,17,6,Average,Laptop/Desktop,2.5,1,6,0,None
364,Delhi-NCR,23,3,Good,Laptop/Desktop,3,0,7,2,Linkedin
365,Delhi-NCR,13,1,Excellent,Smartphone,2,0,8,0,None
366,Delhi-NCR,20,1,Average,Laptop/Desktop,2.5,0,6,4,Instagram
367,Delhi-NCR,13,0.5,Average,Smartphone,2,2,10,2,Youtube
368,Delhi-NCR,14,2,Excellent,Smartphone,1,1,8,1,WhatsApp
369,Delhi-NCR,40,1,Average,Laptop/Desktop,2,1,6,4,WhatsApp
370,Delhi-NCR,12,1,Excellent,Smartphone,1.2,0.5,10,0,WhatsApp
371,Delhi-NCR,20,3,Very poor,Laptop/Desktop,2,1,8,4,Linkedin
372,Delhi-NCR,12,1,Good,Smartphone,2,0.5,8,2,WhatsApp
373,Delhi-NCR,21,3,Average,Laptop/Desktop,3,0,8,2,Instagram
374,Delhi-NCR,42,4,Good,Laptop/Desktop,3,0,7,1,Facebook
375,Outside Delhi-NCR,20,3,Good,Smartphone,4,2,7,4,WhatsApp
376,Delhi-NCR,28,0,NA,,4,2,7,2,Twitter
377,Delhi-NCR,40,2,Good,,1,1,8,1,WhatsApp
378,Delhi-NCR,14,3,Excellent,,2,0,12,2,Facebook
379,Delhi-NCR,12,1,Average,,1,0,12,1,Youtube
380,Delhi-NCR,14,4,Average,,2,1,8,2,WhatsApp
381,Delhi-NCR,22,0,Average,,0,0,9,2,Linkedin
382,Outside Delhi-NCR,40,4,Average,,4,0,8,2,WhatsApp
383,Outside Delhi-NCR,21,4,Very poor,,3,1,6,2,Youtube
384,Delhi-NCR,23,3,Good,Smartphone,1,0,6,2,WhatsApp
385,Delhi-NCR,12,2,Excellent,Smartphone,2,1,10,1,Youtube
386,Outside Delhi-NCR,17,2,Excellent,Smartphone,3,1,6,2,WhatsApp
387,Outside Delhi-NCR,18,1,Average,Laptop/Desktop,1,0,8,4,Instagram
388,Outside Delhi-NCR,20,1,Average,Laptop/Desktop,2,2,9,4,Instagram
389,Outside Delhi-NCR,17,5,Average,Smartphone,3,1,6,1,Facebook
390,Delhi-NCR,20,1,Average,Laptop/Desktop,4,0,8,3,Instagram
391,Delhi-NCR,20,3,Very poor,Laptop/Desktop,4,1,8,2,WhatsApp
392,Delhi-NCR,19,0.75,Poor,Laptop/Desktop,2,1,6,4,Youtube
393,Outside Delhi-NCR,20,4,Good,Laptop/Desktop,2,0,11,1,WhatsApp
394,Delhi-NCR,16,2,Excellent,Smartphone,5,1,8,4,WhatsApp
395,Delhi-NCR,13,3,Excellent,Smartphone,2,0,8,1,Youtube
396,Delhi-NCR,20,0,Good,Laptop/Desktop,4,1,7,4,Youtube
397,Outside Delhi-NCR,14,3,Excellent,Smartphone,2,0,10,1,Youtube
398,Delhi-NCR,17,2,Good,Smartphone,1,1,8,3,Facebook
399,Outside Delhi-NCR,20,1,Very poor,Laptop/Desktop,1,0,12,2,Twitter
400,Delhi-NCR,17,7,Excellent,Smartphone,1,1,4,1,Youtube
401,Outside Delhi-NCR,13,2,Excellent,Smartphone,1,1,6,2,WhatsApp
402,Delhi-NCR,13,1,Good,Smartphone,2,1,8,3,Youtube
403,Outside Delhi-NCR,20,2,Very poor,Laptop/Desktop,4,1,8,2,Instagram
404,Outside Delhi-NCR,27,0,Good,Laptop/Desktop,2,0,10,6,WhatsApp
405,Delhi-NCR,20,1,Good,Laptop/Desktop,0,1,7,2,Instagram
406,Delhi-NCR,20,5,Very poor,Laptop/Desktop,3,1,7,4,Twitter
407,Delhi-NCR,17,4,Average,Smartphone,1,1,8,5,Youtube
408,Delhi-NCR,27,3,Excellent,Laptop/Desktop,2,2,7,1,Instagram
409,Outside Delhi-NCR,14,1,Good,Smartphone,3,1,9,1,None
410,Delhi-NCR,9,1,Average,Laptop/Desktop,1,0,8,0,Youtube
411,Delhi-NCR,14,5,Average,Smartphone,1,1,7,1,WhatsApp
412,Delhi-NCR,36,2,Excellent,Tablet,3,1,7,5,Youtube
413,Delhi-NCR,8,2,Excellent,Laptop/Desktop,2,1,8,1,WhatsApp
414,Delhi-NCR,20,2,Average,Laptop/Desktop,1,1,7,1,WhatsApp
415,Outside Delhi-NCR,12,2,Average,Laptop/Desktop,1,1,7,2,Instagram
416,Delhi-NCR,19,8,Excellent,Laptop/Desktop,10,1,6,1,Linkedin
417,Outside Delhi-NCR,24,0,Excellent,Laptop/Desktop,3,1,8,3,Instagram
418,Delhi-NCR,20,2,Average,Laptop/Desktop,2,2,8,3,Instagram
419,Delhi-NCR,22,1,Very poor,Smartphone,3,0,7,3,Youtube
420,Outside Delhi-NCR,20,3,Very poor,Laptop/Desktop,0,1,9,4,Youtube
421,Delhi-NCR,12,1,Excellent,Smartphone,3,1,6,1,Youtube
422,Outside Delhi-NCR,21,0,Very poor,Laptop/Desktop,1,0,6,6,Instagram
423,Delhi-NCR,20,2,Average,Laptop/Desktop,3,2,7,3,Instagram
424,Outside Delhi-NCR,32,1,Average,Smartphone,0,0,14,2,Facebook
425,Outside Delhi-NCR,28,4,Good,Laptop/Desktop,4,1,12,2,Youtube
426,Delhi-NCR,21,2,Very poor,Laptop/Desktop,0,1,12,5,Instagram
427,Outside Delhi-NCR,21,2,Average,Laptop/Desktop,2,1,8,2,WhatsApp
428,Delhi-NCR,15,5,Average,Laptop/Desktop,3,1,10,3,Instagram
429,Outside Delhi-NCR,19,1,Very poor,Laptop/Desktop,0,1,9,8,Youtube
430,Outside Delhi-NCR,19,3,Very poor,Laptop/Desktop,1,0,5,1,Youtube
431,Outside Delhi-NCR,18,3,Very poor,Smartphone,2,0,8,2,Instagram
432,Delhi-NCR,14,7,Very poor,Tablet,3,0,8,0,None
433,Outside Delhi-NCR,18,1,Excellent,Smartphone,2,1,8,1,Facebook
434,Delhi-NCR,50,2,Good,Smartphone,2,0,6,2,Youtube
435,Outside Delhi-NCR,20,0.7,Very poor,Laptop/Desktop,3.5,0.5,8,3,Instagram
436,Outside Delhi-NCR,16,2,Very poor,Laptop/Desktop,2,1,9,2,Instagram
437,Delhi-NCR,13,2,Good,Smartphone,1,0,11,2,Youtube
438,Delhi-NCR,20,3,Very poor,Laptop/Desktop,4,1,8,2,Twitter
439,Delhi-NCR,21,0,Very poor,Laptop/Desktop,2,1,7,2,WhatsApp
440,Delhi-NCR,14,3,Excellent,Laptop/Desktop,5,2,10,3,Facebook
441,Outside Delhi-NCR,20,0,Very poor,Laptop/Desktop,2,0,7,5,Instagram
442,Delhi-NCR,22,3,Average,Laptop/Desktop,2,0,7,3,Youtube
443,Delhi-NCR,13,0.75,Excellent,Smartphone,2,0,7,1,Youtube
444,Delhi-NCR,13,3,Good,Smartphone,3,1,8,1,WhatsApp
445,Delhi-NCR,16,6,Good,Smartphone,3,1,6,1,Youtube
446,Outside Delhi-NCR,35,4,Average,Smartphone,2,1,6,0.5,Facebook
447,Outside Delhi-NCR,45,3,Excellent,Laptop/Desktop,4,1,8,2,Youtube
448,Delhi-NCR,16,0,Good,Smartphone,0,2,6,1,Facebook
449,Delhi-NCR,20,4,Very poor,Laptop/Desktop,6,0,8,0,Youtube
450,Outside Delhi-NCR,21,0,Poor,Laptop/Desktop,9,0,7,2,Instagram
451,Delhi-NCR,23,6,Average,Laptop/Desktop,4,1,9,1,Instagram
452,Outside Delhi-NCR,21,2,Average,Laptop/Desktop,4,1,8,8,Instagram
453,Delhi-NCR,20,7,Good,Laptop/Desktop,2,0,8,4,Facebook
454,Outside Delhi-NCR,19,0,Very poor,Smartphone,5,0.5,7,4,Instagram
455,Outside Delhi-NCR,18,4,Very poor,Smartphone,2,1,12,2,Instagram
456,Delhi-NCR,30,0,NA,,0.5,0,7,1,Youtube
457,Delhi-NCR,18,2,Good,,3,1,7,2,WhatsApp
458,Outside Delhi-NCR,21,2,Average,,4,1,10,8,Instagram
459,Outside Delhi-NCR,13,4,Good,,2,2,8,2,Youtube
460,Outside Delhi-NCR,22,1,Average,,3,3,8,3,Instagram
461,Delhi-NCR,21,1,Very poor,,0,0,8,2,Instagram
462,Outside Delhi-NCR,21,2,Good,,6,0,6.5,0.5,WhatsApp
463,Delhi-NCR,21,2,Very poor,,1,0,13,6,Twitter
464,Outside Delhi-NCR,20,5,Good,Laptop/Desktop,7,0,6,1,Linkedin
465,Delhi-NCR,20,0,Very poor,Laptop/Desktop,10,4,6,2,WhatsApp
466,Outside Delhi-NCR,20,4,Very poor,Laptop/Desktop,5,1,9,2,Youtube
467,Outside Delhi-NCR,19,4,Average,Laptop/Desktop,0,0,8,6,Instagram
468,Delhi-NCR,19,0,Good,Laptop/Desktop,3,1,8,3,Instagram
469,Delhi-NCR,7,2,Good,Smartphone,2,1,9,1,WhatsApp
470,Outside Delhi-NCR,21,2,Average,Laptop/Desktop,0,1,7,3,Instagram
471,Delhi-NCR,23,4,Very poor,Laptop/Desktop,10,1,7,1,WhatsApp
472,Delhi-NCR,20,5,Very poor,Laptop/Desktop,2,0,13,4,Instagram
473,Delhi-NCR,20,4,Very poor,Smartphone,4,0,8,4,Instagram
474,Outside Delhi-NCR,19,4,Very poor,Laptop/Desktop,3,1,8,3,WhatsApp
475,Delhi-NCR,20,4,Very poor,Laptop/Desktop,2,1,8,2,Youtube
476,Outside Delhi-NCR,18,4,Average,Smartphone,1,0,9,4,WhatsApp
477,Delhi-NCR,21,4,Very poor,Tablet,0,3,11,10,Snapchat
478,Outside Delhi-NCR,18,6,Very poor,Laptop/Desktop,6,1,6,1,Instagram
479,Delhi-NCR,21,6,Excellent,Laptop/Desktop,6,1,6,1,Instagram
480,Outside Delhi-NCR,19,2,Very poor,Laptop/Desktop,3,0,7,3,WhatsApp
481,Outside Delhi-NCR,19,0,Average,Laptop/Desktop,1,0.5,8,1,Instagram
482,Outside Delhi-NCR,22,2,Average,Laptop/Desktop,2,0,8,1,Instagram
483,Delhi-NCR,21,3,Average,Laptop/Desktop,7,3,6,1,WhatsApp
484,Delhi-NCR,24,2,Poor,Smartphone,6,0,6,3,WhatsApp
485,Outside Delhi-NCR,20,4,Very poor,Laptop/Desktop,4,0,8,2,WhatsApp
486,Outside Delhi-NCR,20,2,Average,Smartphone,2,0,12,4,Instagram
487,Outside Delhi-NCR,24,5,Average,Laptop/Desktop,2,0,6,3,Instagram
488,Delhi-NCR,21,5,Average,Laptop/Desktop,6,0,7,2,Linkedin
489,Delhi-NCR,20,3,Very poor,Laptop/Desktop,6,2,5,3,Youtube
490,Outside Delhi-NCR,22,5,Very poor,Smartphone,0,1,8,4,Facebook
491,Outside Delhi-NCR,20,7,Very poor,Laptop/Desktop,0,1,6,2,Facebook
492,Outside Delhi-NCR,20,0.5,Very poor,Smartphone,3,1,10,3,Instagram
493,Delhi-NCR,19,0,NA,,8,1,8,0,None
494,Outside Delhi-NCR,22,0.5,Very poor,Laptop/Desktop,1,1,8,3,Instagram
495,Outside Delhi-NCR,21,4,Average,Laptop/Desktop,1,0,10,2,WhatsApp
496,Outside Delhi-NCR,19,3,Very poor,Laptop/Desktop,2,1,6,2,Instagram
497,Outside Delhi-NCR,13,3,Average,Smartphone,2,1,7,2,WhatsApp
498,Delhi-NCR,10,4,Average,Smartphone,2,1,8,1,WhatsApp
499,Outside Delhi-NCR,21,4,Very poor,Laptop/Desktop,2,0,6,1,Youtube
500,Outside Delhi-NCR,20,2,Very poor,Laptop/Desktop,3,0,11,1,WhatsApp
501,Delhi-NCR,22,1,Very poor,Smartphone,2,1,6,2,Instagram
502,Delhi-NCR,20,4,Average,Laptop/Desktop,0,0,12,2,Instagram
503,Outside Delhi-NCR,20,0,Poor,Laptop/Desktop,2,0,10,4,Instagram
504,Delhi-NCR,20,0,Average,Laptop/Desktop,1,1,8,4,WhatsApp
505,Outside Delhi-NCR,21,0,Average,Smartphone,4,1,7,2,Facebook
506,Delhi-NCR,19,4,Very poor,Laptop/Desktop,3,2,8,2,Instagram
507,Outside Delhi-NCR,13,2,Excellent,Smartphone,2,1,6,6,Instagram
508,Outside Delhi-NCR,20,2,Average,Laptop/Desktop,3,0,7,5,Instagram
509,Outside Delhi-NCR,17,2,Average,Smartphone,5,3,5,1,WhatsApp
510,Outside Delhi-NCR,11,1,Good,Laptop/Desktop,1,1,15,3,Youtube
511,Delhi-NCR,17,2,Excellent,Smartphone,3,1,8,3,WhatsApp
512,Outside Delhi-NCR,17,1,Average,Smartphone,2,0,8,1,Youtube
513,Delhi-NCR,19,4,Very poor,Laptop/Desktop,5,0,8,3,Twitter
514,Outside Delhi-NCR,20,6,Good,Laptop/Desktop,5,2,6,10,Twitter
515,Delhi-NCR,18,3,Good,Laptop/Desktop,4,2,7,2,Youtube
516,Delhi-NCR,20,4,Average,Laptop/Desktop,3,0,8,4,Youtube
517,Delhi-NCR,19,0,Very poor,Laptop/Desktop,1,0,9,6,Twitter
518,Delhi-NCR,17,3,Average,Smartphone,3,3,9,2,Youtube
519,Outside Delhi-NCR,19,0,Very poor,Smartphone,0,1,10,7,Youtube
520,Outside Delhi-NCR,21,1,Average,Laptop/Desktop,8,2,8,2,WhatsApp
521,Outside Delhi-NCR,34,2,Average,Laptop/Desktop,1,0,7,6,WhatsApp
522,Outside Delhi-NCR,15,4,Very poor,Smartphone,4,0,7,1,Youtube
523,Outside Delhi-NCR,19,2,Very poor,Laptop/Desktop,0,1,12,2,Instagram
524,Delhi-NCR,24,0,NA,,1,0,10,6,Instagram
525,Outside Delhi-NCR,17,6,Average,Smartphone,4,0,7,9,Youtube
526,Delhi-NCR,26,2,Very poor,Laptop/Desktop,1,1,8,4,Facebook
527,Delhi-NCR,20,0,Very poor,Laptop/Desktop,1,1,7,0.5,Instagram
528,Outside Delhi-NCR,22,3,Average,Laptop/Desktop,6,2,8,4,Instagram
529,Outside Delhi-NCR,20,6,Poor,Laptop/Desktop,2,2,8,1,Instagram
530,Outside Delhi-NCR,21,4,Very poor,Laptop/Desktop,2,2,8,4,Youtube
531,Outside Delhi-NCR,14,3,Good,Smartphone or Laptop/Desktop,2,0,6,1,WhatsApp
532,Outside Delhi-NCR,20,5,Very poor,Laptop/Desktop,6,1,7,2,Youtube
533,Delhi-NCR,19,2,Excellent,Smartphone,2,1,10,2,Youtube
534,Delhi-NCR,44,3,Average,Smartphone,4,0,6,1,Facebook
535,Outside Delhi-NCR,20,1,Very poor,Tablet,2,3,8,2,WhatsApp
536,Delhi-NCR,22,3,Average,Laptop/Desktop,6,1,6,3,WhatsApp
537,Outside Delhi-NCR,21,1,Poor,Smartphone,4,1,8,4,Youtube
538,Delhi-NCR,20,5,Very poor,Laptop/Desktop,2,0,8,1,Linkedin
539,Delhi-NCR,18,4,Very poor,Tablet,4,0,9,2,Instagram
540,Outside Delhi-NCR,15,1,Good,Smartphone,2,1,8,1,WhatsApp
541,Outside Delhi-NCR,19,2,Average,Smartphone,0,0,8,10,Instagram
542,Outside Delhi-NCR,24,2,Average,Smartphone,2,0,6,3,WhatsApp
543,Delhi-NCR,16,7,Average,Smartphone,4,1,6,1,WhatsApp
544,Outside Delhi-NCR,21,0,Poor,Smartphone,8,0,7,2,WhatsApp
545,Outside Delhi-NCR,17,4,Good,Smartphone,3,3,6,5,Instagram
546,Delhi-NCR,15,5,Good,Smartphone,2,1,7,0,Youtube
547,Outside Delhi-NCR,16,2,Very poor,Smartphone,1,0,9,1,WhatsApp
548,Delhi-NCR,21,6,Average,Laptop/Desktop,2,1,7,1.5,Youtube
549,Delhi-NCR,13,2,Excellent,Smartphone,2,1,9,2,Facebook
550,Delhi-NCR,22,3,Very poor,Smartphone,2,1,9,1,WhatsApp
551,Outside Delhi-NCR,15,4,Average,Laptop/Desktop,4,1,11,1,Instagram
552,Outside Delhi-NCR,26,0.5,Very poor,Smartphone,1,0,6,1,WhatsApp
553,Delhi-NCR,21,0,Very poor,Laptop/Desktop,2,0,10,6,Youtube
554,Outside Delhi-NCR,13,1,Good,Smartphone,1,1,8,1,Youtube
555,Delhi-NCR,21,3,Average,Laptop/Desktop,0,2,8,2,Instagram
556,Outside Delhi-NCR,21,3,Very poor,Smartphone,1,1,8,2,Instagram
557,Delhi-NCR,17,2,Average,Smartphone,1,1,8,7,Instagram
558,Delhi-NCR,20,1,Good,Smartphone,3,1,8,3,Youtube
559,Delhi-NCR,18,3,Good,Smartphone,2,0,8,1,Youtube
560,Delhi-NCR,19,2,Very poor,Laptop/Desktop,8,0,8,1,Youtube
561,Delhi-NCR,21,4,Average,Laptop/Desktop,4,1,8,3,Instagram
562,Delhi-NCR,20,8,Excellent,Smartphone,8,1,7,2,Youtube
563,Delhi-NCR,21,8,Good,Laptop/Desktop,2,1,7,1,WhatsApp
564,Outside Delhi-NCR,32,2,Good,Smartphone,0,0,11,1,WhatsApp
565,Delhi-NCR,19,4,Good,Laptop/Desktop,4,2,8,6,Instagram
566,Delhi-NCR,18,2,Very poor,Smartphone,0,3,8,1,Twitter
567,Delhi-NCR,23,0,NA,,1,0,9,3,Instagram
568,Delhi-NCR,18,0,Very poor,Smartphone,0,0,7,3,Instagram
569,Delhi-NCR,19,2,Very poor,Laptop/Desktop,1,2,8,3,Instagram
570,Delhi-NCR,19,2,Very poor,Smartphone,2,0,8,1.5,Instagram
571,Outside Delhi-NCR,19,3,Excellent,Laptop/Desktop,0,0,9,6,WhatsApp
572,Delhi-NCR,23,4,Very poor,Smartphone,4,1,8,2,Youtube
573,Delhi-NCR,25,0,NA,,2,1,9,2,WhatsApp
574,Delhi-NCR,22,4,Very poor,Laptop/Desktop,1,0,9,1,Youtube
575,Delhi-NCR,12,6,Good,Tablet,4,0,7,1,Youtube
576,Delhi-NCR,8,2,Excellent,Laptop/Desktop,1,1,5,1,Youtube
577,Delhi-NCR,17,0.75,Excellent,Smartphone,4,1,7,1,WhatsApp
578,Delhi-NCR,21,3,Excellent,Laptop/Desktop,1,0,11,3,Twitter
579,Delhi-NCR,14,3,Average,Smartphone,2,2,7,2,WhatsApp
580,Outside Delhi-NCR,20,4,Very poor,Smartphone,3,0,8,1,Facebook
581,Delhi-NCR,22,0,Very poor,Smartphone,2,1,6,0.5,Youtube
582,Delhi-NCR,13,6,Average,Tablet,3,1,10,1,Snapchat
583,Delhi-NCR,21,2,Very poor,Smartphone,0.5,1,8,1,Youtube
584,Delhi-NCR,36,3,Excellent,Laptop/Desktop,2,0,8,2,Facebook
585,Delhi-NCR,13,4,Good,Any Gadget,3,1,9,3,Instagram
586,Outside Delhi-NCR,24,2,Average,Smartphone,1,1,7,4,Instagram
587,Outside Delhi-NCR,46,2,Very poor,Smartphone,0.5,0.25,7,1,WhatsApp
588,Delhi-NCR,16,5,Good,Laptop/Desktop,8,0.5,6,0.4,Instagram
589,Delhi-NCR,25,2,Good,Laptop/Desktop,3,0,7,2,Linkedin
590,Delhi-NCR,24,6,Good,Laptop/Desktop,8,0,9,2,Youtube
591,Delhi-NCR,17,4,Very poor,Smartphone,2,0,10,3,Facebook
592,Delhi-NCR,16,1,Average,Smartphone,2,0,10,2,Youtube
593,Delhi-NCR,20,3,Very poor,Laptop/Desktop,6,1,8,3,Instagram
594,Delhi-NCR,40,5,Very poor,Laptop/Desktop,3,0,6,3,WhatsApp
595,Outside Delhi-NCR,32,1,Average,Laptop/Desktop,2,0.5,7,3,WhatsApp
596,Outside Delhi-NCR,14,5,Average,Smartphone,2,0,9,1,WhatsApp
597,Delhi-NCR,18,4,Average,Laptop/Desktop,2,3,7,4,Instagram
598,Delhi-NCR,52,0,Good,Laptop/Desktop,2,1,8,2,Youtube
599,Delhi-NCR,21,1,Very poor,Laptop/Desktop,8,0,8,2,Youtube
600,Delhi-NCR,21,6,Very poor,Laptop/Desktop,3,0,8,4,Linkedin
601,Delhi-NCR,21,4,Average,Laptop/Desktop,3,0,8,2,WhatsApp
602,Delhi-NCR,22,1,Very poor,Laptop/Desktop,10,2,7,1,WhatsApp
603,Delhi-NCR,19,0,Very poor,Smartphone,4,0,8,4,Instagram
604,Outside Delhi-NCR,14,4,Good,Smartphone,1,1,8,1,Facebook
605,Delhi-NCR,18,1,Average,Smartphone,2,0,7,1,WhatsApp
606,Delhi-NCR,17,2,Excellent,Smartphone,3,2,10,1,Youtube
607,Delhi-NCR,21,2,Average,Laptop/Desktop,0,0,7,5,Youtube
608,Delhi-NCR,22,2,Very poor,Laptop/Desktop,2,0,6,5,Instagram
609,Outside Delhi-NCR,15,3,Very poor,Smartphone,2,0,10,1,Youtube
610,Delhi-NCR,25,6,Good,Laptop/Desktop,0,1,7,3,Instagram
611,Outside Delhi-NCR,17,2,Excellent,Smartphone,3,1,8,1,Facebook
612,Outside Delhi-NCR,25,1,Average,Laptop/Desktop,4,0.5,9,2,WhatsApp
613,Delhi-NCR,22,1,Very poor,Smartphone,0,0,6,2,Instagram
614,Outside Delhi-NCR,21,0,Very poor,Smartphone,3,0,8,4,Instagram
615,Outside Delhi-NCR,20,1,Good,Laptop/Desktop,3,1,12,3,Youtube
616,Outside Delhi-NCR,21,2,Good,Smartphone,5,0,12,3,Youtube
617,Delhi-NCR,13,3.5,Good,Smartphone,2,2,9,1,WhatsApp
618,Delhi-NCR,32,6,Good,Laptop/Desktop,2,1,5,2,Youtube
619,Delhi-NCR,34,2,Average,Laptop/Desktop,2,1,7,4,Facebook
620,Delhi-NCR,22,0,Very poor,Smartphone,1,0,8,5,WhatsApp
621,Outside Delhi-NCR,21,4,Average,Laptop/Desktop,4,1,6,1,Linkedin
622,Delhi-NCR,17,1,Good,Smartphone,1,1,8,2,Instagram
623,Delhi-NCR,13,4,Excellent,Smartphone,5,1,13,2,WhatsApp
624,Delhi-NCR,30,4,Average,Laptop/Desktop,3,1,7,1,Youtube
625,Delhi-NCR,21,2,Average,Smartphone,1,1,9,2,Youtube
626,Outside Delhi-NCR,28,3,Good,Laptop/Desktop,4,1,9,2,Youtube
627,Delhi-NCR,21,4,Very poor,Laptop/Desktop,3,0,6,2,Instagram
628,Outside Delhi-NCR,15,2,Excellent,Smartphone,5,3,11,1,WhatsApp
629,Delhi-NCR,16,1,Good,Smartphone,1,1,7,2,Youtube
630,Delhi-NCR,40,3,Average,Smartphone,1,0.5,7,4,Instagram
631,Delhi-NCR,43,2,Good,Laptop/Desktop,2,1,7,1,WhatsApp
632,Delhi-NCR,25,1,Average,Smartphone,2,0,10,1,WhatsApp
633,Outside Delhi-NCR,24,0,NA,,1,0,8,2,Linkedin
634,Outside Delhi-NCR,16,2,Good,,5,1,9,1,Instagram
635,Delhi-NCR,16,0.8,Very poor,,1,0,8,1,Youtube
636,Delhi-NCR,34,2,Good,,1,1,9,2,WhatsApp
637,Outside Delhi-NCR,28,2,Excellent,,2,1,7,1,Facebook
638,Outside Delhi-NCR,17,0.75,Good,Smartphone,2,2,6,1,Instagram
639,Outside Delhi-NCR,18,0.75,Good,Smartphone,1,1,12,1,Facebook
640,Outside Delhi-NCR,17,0.75,Good,Smartphone,2,1,12,1,Instagram
641,Delhi-NCR,30,4,Excellent,Laptop/Desktop,4,0,5,6,WhatsApp
642,Delhi-NCR,19,4,Average,Laptop/Desktop,4,1,8,0,Youtube
643,Delhi-NCR,21,0,Very poor,Smartphone,2,0,10,2,Instagram
644,Outside Delhi-NCR,20,4,Good,Laptop/Desktop,6,0,8,3,Facebook
645,Delhi-NCR,19,5,Very poor,Smartphone,1,1,5,2,Youtube
646,Delhi-NCR,19,3,Very poor,Laptop/Desktop,2,1,8,3,Youtube
647,Delhi-NCR,19,0,Very poor,Smartphone,0,0,12,4,Youtube
648,Outside Delhi-NCR,20,4,Average,Laptop/Desktop,2,1,7,1,Quora
649,Delhi-NCR,19,4,Very poor,Smartphone,5,0,6,2,WhatsApp
650,Outside Delhi-NCR,20,0,Very poor,Laptop/Desktop,3,0,8,4,Youtube
651,Outside Delhi-NCR,19,2,Very poor,Laptop/Desktop,2,1,9,1,Instagram
652,Delhi-NCR,21,6,Very poor,Smartphone,4,1,7,2,WhatsApp
653,Delhi-NCR,20,4,Very poor,Smartphone,3,0,8,3,Youtube
654,Delhi-NCR,20,4,Very poor,Laptop/Desktop,4,1,7,1,Instagram
655,Delhi-NCR,20,5,Average,Laptop/Desktop,0.5,0,8,1,WhatsApp
656,Delhi-NCR,20,5,Very poor,Smartphone,2,1,7,1,Youtube
657,Outside Delhi-NCR,22,6,Average,Smartphone,2,1,11,6,Instagram
658,Delhi-NCR,22,3,Very poor,Laptop/Desktop,2,0,9,4,Instagram
659,Delhi-NCR,21,1,Average,Smartphone,1,2,8,2,Instagram
660,Delhi-NCR,30,2,Very poor,Laptop/Desktop,1,1,5,1,Youtube
661,Delhi-NCR,21,2,Very poor,Laptop/Desktop,2,0,6,3,WhatsApp
662,Delhi-NCR,22,3,Average,Laptop/Desktop,3,1,8,3,Instagram
663,Outside Delhi-NCR,21,4,Good,Smartphone,3,1,8,3,Instagram
664,Outside Delhi-NCR,21,5,Very poor,Smartphone,1,0.5,9,1.5,Instagram
665,Outside Delhi-NCR,19,5,Good,Laptop/Desktop,3,0,9,5,WhatsApp
666,Delhi-NCR,22,1,Very poor,Laptop/Desktop,2,1,9,1.5,WhatsApp
667,Delhi-NCR,20,6,Average,Laptop/Desktop,2,1,8,4,Instagram
668,Delhi-NCR,21,3,Excellent,Laptop/Desktop,6.5,0,7,0.5,WhatsApp
669,Outside Delhi-NCR,21,3,Average,Laptop/Desktop,2,1,7,2,Youtube
670,Outside Delhi-NCR,21,0,Very poor,Laptop/Desktop,4,1,8,1,Linkedin
671,Outside Delhi-NCR,21,5,Good,Laptop/Desktop,4,2,8,1,Instagram
672,Delhi-NCR,22,0,Very poor,Smartphone,0.5,1,10,1,Youtube
673,Delhi-NCR,20,0,Very poor,Laptop/Desktop,0,0,10,10,Instagram
674,Delhi-NCR,20,3,Good,Laptop/Desktop,3,1,7,2,Instagram
675,Delhi-NCR,18,2,Average,Smartphone,1,1,10,4,Youtube
676,Delhi-NCR,19,0,Average,Laptop/Desktop,3,1,9,2,Instagram
677,Delhi-NCR,21,3,Average,Laptop/Desktop,4,1,7,1,Youtube
678,Outside Delhi-NCR,19,4,Poor,Laptop/Desktop,5,2,7,0.5,WhatsApp
679,Outside Delhi-NCR,22,3,Very poor,Laptop/Desktop,3,0,7,4,Youtube
680,Delhi-NCR,21,7,Very poor,Laptop/Desktop,0,0,8,3,Instagram
681,Outside Delhi-NCR,20,0,Very poor,Laptop/Desktop,2,2,9,2,Instagram
682,Delhi-NCR,20,4,Very poor,Smartphone,2,1,6,2,Instagram
683,Delhi-NCR,21,4,Good,Smartphone,2,1,7,3,Instagram
684,Delhi-NCR,23,3,Very poor,Laptop/Desktop,6,1,7,1.5,Instagram
685,Delhi-NCR,22,0,Very poor,Laptop/Desktop,1,0,14,2,WhatsApp
686,Outside Delhi-NCR,20,4,Very poor,Laptop/Desktop,1,2,12,2,WhatsApp
687,Delhi-NCR,20,6,Very poor,Laptop/Desktop,6,1,8,0,Linkedin
688,Delhi-NCR,21,3,Average,Laptop/Desktop,3,0,9,2,Linkedin
689,Delhi-NCR,19,1,Average,Laptop/Desktop,3,0,10,4,Instagram
690,Delhi-NCR,22,0,Average,Laptop/Desktop,6,1,6,1,Youtube
691,Outside Delhi-NCR,20,3,Poor,Laptop/Desktop,5,1,7,1,WhatsApp
692,Outside Delhi-NCR,19,1,Average,Laptop/Desktop,2,1,7,3,Instagram
693,Delhi-NCR,22,2,Good,Laptop/Desktop,10,1,6,1,WhatsApp
694,Delhi-NCR,19,2,Very poor,Laptop/Desktop,1,2,5,4,Instagram
695,Delhi-NCR,18,3,Average,Smartphone,1,1,9,4,Instagram
696,Delhi-NCR,20,2,Average,Laptop/Desktop,2,1,9,1,Youtube
697,Delhi-NCR,19,2,Very poor,Laptop/Desktop,2,0,12,2,WhatsApp
698,Delhi-NCR,23,2,Average,Smartphone,5,1,12,1,Linkedin
699,Delhi-NCR,19,0,Average,Smartphone,1,0,8,4,Youtube
700,Delhi-NCR,18,0,NA,,1,1,10,9,Instagram
701,Outside Delhi-NCR,19,2,Good,Laptop/Desktop,3,1,8,2,Youtube
702,Delhi-NCR,17,7,Very poor,Laptop/Desktop,3,2,6,2,Instagram
703,Delhi-NCR,18,7,Average,Laptop/Desktop,2,1,8,3,WhatsApp
704,Delhi-NCR,22,2,Good,Any Gadget,1.5,1,7,1,Youtube
705,Delhi-NCR,21,4,Average,Laptop/Desktop,4,0,7,2,WhatsApp
706,Delhi-NCR,17,3,Average,Laptop/Desktop,2,0,6,2,Instagram
707,Delhi-NCR,19,0,Good,Tablet,0.5,1,6,2,Instagram
708,Delhi-NCR,20,5,Very poor,Smartphone,2,2,6,3,Youtube
709,Delhi-NCR,17,4,Very poor,Smartphone,1,0,6,2,Instagram
710,Delhi-NCR,21,3,Very poor,Laptop/Desktop,3,1,8,3,Instagram
711,Delhi-NCR,19,2,Average,Smartphone,2,0,9,5,Instagram
712,Delhi-NCR,20,1.5,Very poor,Smartphone,2.5,2,9,1,Youtube
713,Delhi-NCR,21,3,Very poor,Laptop/Desktop,3,0,9,4,Snapchat
714,Outside Delhi-NCR,19,2,Average,Laptop/Desktop,4,1,6,3,Instagram
715,Delhi-NCR,38,4,Excellent,Laptop/Desktop,5,1,6,1,Youtube
716,Delhi-NCR,19,3,Average,Smartphone,7,1,6,1,Linkedin
717,Delhi-NCR,17,2,Average,Laptop/Desktop,0,0,11,1.5,Instagram
718,Outside Delhi-NCR,18,3,Good,Laptop/Desktop,3,0,10,2,Instagram
719,Delhi-NCR,20,5,Very poor,Laptop/Desktop,2,3,10,1,Youtube
720,Delhi-NCR,20,2,Very poor,Smartphone,6,1,5,4,Youtube
721,Delhi-NCR,23,0,Average,Laptop/Desktop,1,1,9,3,Linkedin
722,Outside Delhi-NCR,29,2,Average,Laptop/Desktop,2,1,8,0,Youtube
723,Delhi-NCR,20,0,Very poor,Laptop/Desktop,6,0,9,1,WhatsApp
725,Delhi-NCR,18,2,Average,Laptop/Desktop,3,1,8,2,Youtube
726,Delhi-NCR,15,4,Good,Smartphone,4,1,4,3,Youtube
727,Delhi-NCR,19,4,Average,Smartphone,5,1,8,2,Youtube
728,Delhi-NCR,20,2,Very poor,Smartphone,2,0,9,10,Youtube
729,Outside Delhi-NCR,21,1,Very poor,Smartphone,4,1,9,1,WhatsApp
730,Outside Delhi-NCR,21,4,Average,Laptop/Desktop,3,0,8,2,Youtube
731,Delhi-NCR,20,4,Very poor,Smartphone,1,1,10,2,Instagram
732,Delhi-NCR,20,2,Average,Smartphone,1,2,8,4,Facebook
733,Outside Delhi-NCR,19,0,Very poor,Smartphone,2,1,7,4,Instagram
734,Outside Delhi-NCR,28,3,Good,Laptop/Desktop,1,0,10,1,WhatsApp
735,Delhi-NCR,19,6,Good,Laptop/Desktop,6,0,8,2,Youtube
736,Delhi-NCR,21,2,Average,Smartphone,2,1,8,1,Youtube
737,Delhi-NCR,23,0,Good,Laptop/Desktop,3,0,10,4,Youtube
738,Delhi-NCR,20,3,Good,Laptop/Desktop,2,1,7,5,WhatsApp
739,Delhi-NCR,22,4,Good,Laptop/Desktop,2,1,12,2,Instagram
740,Delhi-NCR,20,2,Average,Smartphone,4,1,8,2,Youtube
741,Outside Delhi-NCR,22,0,NA,,0,1,5,4,Instagram
742,Outside Delhi-NCR,20,5,Good,Laptop/Desktop,4,1,7,3,Youtube
743,Outside Delhi-NCR,23,3,Good,Laptop/Desktop,2,1,6,1,WhatsApp
744,Outside Delhi-NCR,21,2,Very poor,Smartphone,2,1,8,4,WhatsApp
745,Delhi-NCR,19,3,Very poor,Smartphone,2,1,9,5,Instagram
746,Outside Delhi-NCR,23,3,Good,Laptop/Desktop,5,0,6,1,Youtube
747,Outside Delhi-NCR,20,4,Average,Smartphone,2,0,8,2,WhatsApp
748,Outside Delhi-NCR,22,2,Good,Laptop/Desktop,2,1,8,2,WhatsApp
749,Delhi-NCR,19,2,Poor,Smartphone,2,2,8,3,Youtube
750,Outside Delhi-NCR,21,5,Very poor,Smartphone,4,1,7,1,Youtube
751,Outside Delhi-NCR,20,0,Very poor,Smartphone,5,0,8,1,Youtube
752,Outside Delhi-NCR,21,1,Very poor,Laptop/Desktop,5,1,11,2,Instagram
753,Delhi-NCR,22,5,Good,Laptop/Desktop,3,0,7,2,WhatsApp
754,Delhi-NCR,18,4,Good,Smartphone,2,0.5,6,2,WhatsApp
755,Delhi-NCR,21,1,Good,Laptop/Desktop,1,2,7,2,Youtube
756,Outside Delhi-NCR,22,2,Average,Laptop/Desktop,5,0.3,8,1,Linkedin
757,Outside Delhi-NCR,20,4,Average,Laptop/Desktop,3,1,9,3,Instagram
758,Delhi-NCR,19,6,Very poor,Smartphone,4,2,6,2,Instagram
759,Delhi-NCR,21,0.5,Very poor,Smartphone,2,1,9,1,Youtube
760,Delhi-NCR,21,1,Very poor,Laptop/Desktop,0,0,9,3,WhatsApp
761,Delhi-NCR,19,4,Very poor,Smartphone,2,1,9,7,Instagram
762,Outside Delhi-NCR,21,2,Very poor,Smartphone,2,0,8,1,Twitter
763,Outside Delhi-NCR,23,5.5,Excellent,Laptop/Desktop,3,1,8,1,WhatsApp
764,Delhi-NCR,21,0,Very poor,Smartphone,0,0,9,4,Youtube
765,Delhi-NCR,40,6,Average,Laptop/Desktop,3,0,7,2,WhatsApp
766,Delhi-NCR,20,4,Good,Laptop/Desktop,1,0,9,2,Instagram
767,Outside Delhi-NCR,40,5,Excellent,Laptop/Desktop,4,0.5,6,1,WhatsApp
768,Delhi-NCR,19,3,Average,Smartphone,1,1,6,2,Instagram
769,Outside Delhi-NCR,18,2,Very poor,Laptop/Desktop,4,0,8,1.5,Instagram
770,Delhi-NCR,23,3,Average,Laptop/Desktop,2,1,6,3,Twitter
771,Outside Delhi-NCR,21,7,Average,Laptop/Desktop,8,0,6,1,Linkedin
772,Outside Delhi-NCR,12,5,Average,Smartphone,2,1,7,0,None
773,Outside Delhi-NCR,20,0.5,Very poor,Smartphone,1,1,8,0.5,WhatsApp
774,Delhi-NCR,22,0,NA,,2,1,8,2,Instagram
775,Outside Delhi-NCR,30,4,Average,Laptop/Desktop,3,1,7.8,4,WhatsApp
776,Outside Delhi-NCR,21,5,Average,Laptop/Desktop,1,1,8,2,Instagram
777,Delhi-NCR,20,1,Very poor,Laptop/Desktop,0,0,8,4,WhatsApp
778,Delhi-NCR,22,3,Average,Laptop/Desktop,5,0,8,2,Instagram
779,Delhi-NCR,40,1,Excellent,Laptop/Desktop,2,1,6.7,1,WhatsApp
780,Outside Delhi-NCR,24,5,Excellent,Laptop/Desktop,3,3,8,2,WhatsApp
781,Outside Delhi-NCR,18,4,Very poor,Smartphone,1,2,9,2,WhatsApp
782,Outside Delhi-NCR,22,1,Very poor,Smartphone,2,1,5,10,Instagram
783,Outside Delhi-NCR,20,7,Poor,Smartphone,2,0,8,3,Instagram
784,Delhi-NCR,35,3,Good,Laptop/Desktop,3,1,7,1,WhatsApp
785,Delhi-NCR,40,2,Poor,Smartphone,3,0,5,1,WhatsApp
786,Outside Delhi-NCR,18,0,Poor,Laptop/Desktop,2,2,7,4,Instagram
787,Outside Delhi-NCR,19,4,Very poor,Smartphone,0,0,7,1,Youtube
788,Delhi-NCR,35,4,Average,Laptop/Desktop,4,2,10,2,Facebook
789,Delhi-NCR,16,5,Very poor,Laptop/Desktop,4,0.5,8,0.5,Youtube
790,Outside Delhi-NCR,30,1,Good,Smartphone,1,1,7,1,WhatsApp
791,Delhi-NCR,23,5,Excellent,Laptop/Desktop,2,1,8,1,WhatsApp
792,Outside Delhi-NCR,19,2,Average,Laptop/Desktop,5,0,9,2,Instagram
793,Outside Delhi-NCR,19,4,Very poor,Smartphone,2,1,8,2,Youtube
794,Outside Delhi-NCR,37,4,Good,Laptop/Desktop,5,1,7,4,Instagram
795,Delhi-NCR,21,3,Very poor,Laptop/Desktop,2,0,7,1,Instagram
796,Outside Delhi-NCR,20,3,Very poor,Laptop/Desktop,4,0,9,2,Youtube
797,Delhi-NCR,24,0,Average,Smartphone,1,1,8,1,Linkedin
798,Delhi-NCR,40,0,Average,Laptop/Desktop,0,1,10,2,WhatsApp
799,Outside Delhi-NCR,20,2,Very poor,Smartphone,1,0.5,8,2,Youtube
800,Outside Delhi-NCR,23,3,Poor,Smartphone,4,0,9,3,Facebook
801,Delhi-NCR,26,3,Very poor,Laptop/Desktop,2,1,8,1,Youtube
802,Outside Delhi-NCR,20,5,Good,Smartphone,3,0,7,2,Youtube
803,Outside Delhi-NCR,22,0,Very poor,Smartphone,4,1,8,0,None
804,Outside Delhi-NCR,14,5,Good,Laptop/Desktop,4,0,8,2,Facebook
805,Outside Delhi-NCR,20,0,Very poor,Smartphone,1,0,10,4,Youtube
806,Outside Delhi-NCR,22,0,Average,Smartphone,0,0,10,5,Facebook
807,Outside Delhi-NCR,40,5,Average,Smartphone,2,1,8,4,WhatsApp
808,Outside Delhi-NCR,23,1,Poor,Smartphone,2,1,8,2,Instagram
809,Outside Delhi-NCR,21,3,Very poor,Smartphone,2,2,7,3,WhatsApp
810,Outside Delhi-NCR,21,5,Average,Smartphone,5,0,5,2,Instagram
811,Delhi-NCR,34,2,Average,Smartphone,1,1,7,4,WhatsApp
812,Outside Delhi-NCR,40,1,Average,Smartphone,1,1,8,3,Facebook
813,Outside Delhi-NCR,22,3,Good,Smartphone,2,1,8,2,Youtube
814,Outside Delhi-NCR,21,2,Very poor,Smartphone,0,2,8,4,Instagram
815,Outside Delhi-NCR,18,2,Poor,Smartphone,1,1,8.5,2,WhatsApp
816,Outside Delhi-NCR,22,2,Average,Laptop/Desktop,7,1,9,2,Instagram
817,Outside Delhi-NCR,21,0,Very poor,Smartphone,2,3,9,1,WhatsApp
818,Outside Delhi-NCR,22,3,Very poor,Laptop/Desktop,5,1,8,3,Facebook
819,Outside Delhi-NCR,21,2,Good,Laptop/Desktop,2,2,7,0.5,WhatsApp
820,Outside Delhi-NCR,21,3,Very poor,Laptop/Desktop,12,0,6,1,Linkedin
821,Delhi-NCR,21,2,Very poor,Smartphone,3,0,8,2,Instagram
822,Outside Delhi-NCR,20,4,Very poor,Laptop/Desktop,4,0,11,3,Instagram
823,Delhi-NCR,20,4,NA,,3,1,7,2,WhatsApp
824,Delhi-NCR,21,3,Very poor,Laptop/Desktop,5,0,7,1,Youtube
825,Outside Delhi-NCR,20,4,Average,Laptop/Desktop,5,0.5,8,1,WhatsApp
826,Outside Delhi-NCR,21,4,Average,Laptop/Desktop,4,0,6,4,WhatsApp
827,Delhi-NCR,21,3,Very poor,Smartphone,8,1,8,1,WhatsApp
828,Delhi-NCR,21,5,Average,Smartphone,6,0,5,2,Youtube
829,Outside Delhi-NCR,40,6,Excellent,Laptop/Desktop,2,1,6,2,WhatsApp
830,Delhi-NCR,20,2,Very poor,Smartphone,3,2,8,1,Youtube
831,Delhi-NCR,22,4,Good,Laptop/Desktop,2,1,8,5,WhatsApp
832,Delhi-NCR,19,5,Average,Smartphone,6,1,6,0,WhatsApp
833,Delhi-NCR,22,3,Good,Smartphone,3,0,12,1,Youtube
834,Delhi-NCR,20,6,Very poor,Laptop/Desktop,4,1,6,3,WhatsApp
835,Delhi-NCR,36,4,Good,Laptop/Desktop,2,1,10,1,Youtube
836,Delhi-NCR,23,4,Good,Laptop/Desktop,2,0.5,7,3,Youtube
837,Outside Delhi-NCR,32,2,Average,Laptop/Desktop,3,0,9,2,None
838,Outside Delhi-NCR,24,2,Average,Smartphone,3,0.5,9,2,Twitter
839,Outside Delhi-NCR,20,5,Average,Laptop/Desktop,4,1,8,2,Youtube
840,Delhi-NCR,22,2,Excellent,Laptop/Desktop,3,1,8,2,Instagram
841,Delhi-NCR,20,5,Very poor,Laptop/Desktop,1,0,8,1,Youtube
842,Delhi-NCR,21,4,Very poor,Laptop/Desktop,2,0,10,2,WhatsApp
843,Outside Delhi-NCR,38,4,Very poor,Laptop/Desktop,3,1,6,2,Youtube
844,Delhi-NCR,27,3,Good,Laptop/Desktop,2,1,8,2,Instagram
845,Outside Delhi-NCR,20,2,Average,Laptop/Desktop,2,0,7,2,WhatsApp
846,Outside Delhi-NCR,21,2,Very poor,Laptop/Desktop,12,1,9,5,Youtube
847,Delhi-NCR,20,8,Very poor,Laptop/Desktop,2,0,6,2,Linkedin
848,Delhi-NCR,20,4,Average,Smartphone,1,0,6,10,Talklife
849,Delhi-NCR,22,5,Average,Smartphone,4,1,6,2,Instagram
850,Delhi-NCR,21,3,Very poor,Laptop/Desktop,2,1,8,0.75,WhatsApp
851,Outside Delhi-NCR,21,3,Very poor,Laptop/Desktop,1,0,8,1,Instagram
852,Delhi-NCR,21,4,Very poor,Smartphone,6,0,9,2,Youtube
853,Delhi-NCR,21,4,Very poor,Smartphone,1,1,7,2,Instagram
854,Delhi-NCR,21,4,Average,Smartphone,2,2,12,2,Instagram
855,Delhi-NCR,20,5,Average,Smartphone,5,1,6,2,Instagram
856,Delhi-NCR,33,2,Very poor,Laptop/Desktop,1,1,7,1,Youtube
857,Delhi-NCR,20,4,Very poor,Smartphone,5,1,10,3,WhatsApp
858,Delhi-NCR,21,3,Average,Smartphone,2,2,7,1,WhatsApp
859,Delhi-NCR,20,6,Average,Laptop/Desktop,2,2,7,3,WhatsApp
860,Delhi-NCR,37,2,Good,Laptop/Desktop,1,1,7,0.5,WhatsApp
861,Delhi-NCR,22,5,Average,Smartphone,3,0,8,3,Instagram
862,Outside Delhi-NCR,33,4,Average,Laptop/Desktop,1,0,7,1,WhatsApp
863,Outside Delhi-NCR,17,1,Very poor,Smartphone,2,0,7,2,Snapchat
864,Outside Delhi-NCR,20,4,Average,Smartphone,5,1,7,0.5,Instagram
865,Delhi-NCR,19,2,Average,Laptop/Desktop,2,1,9,2,Instagram
866,Outside Delhi-NCR,20,4,Average,Smartphone,3,1,7,1,Youtube
867,Outside Delhi-NCR,21,3,Very poor,Smartphone,4,1,5,2,Youtube
868,Delhi-NCR,17,7,Very poor,Smartphone,2,1,6,3,Youtube
869,Outside Delhi-NCR,20,3,Poor,Smartphone,2,0,7,3,Youtube
870,Outside Delhi-NCR,20,7,Very poor,Laptop/Desktop,4,0,7,2,Instagram
871,Outside Delhi-NCR,19,10,Average,Laptop/Desktop,3,1,5,1,Instagram
872,Outside Delhi-NCR,21,5,Average,Laptop/Desktop,2,0,9,1,Instagram
873,Outside Delhi-NCR,20,8,Average,Laptop/Desktop,5,1,5,3,Instagram
874,Outside Delhi-NCR,36,5,Good,Laptop/Desktop,4,1,5,1,WhatsApp
875,Outside Delhi-NCR,20,4,Very poor,Smartphone,4,0,8,1,Instagram
876,Outside Delhi-NCR,31,4,Good,Laptop/Desktop,3,2,9,2,Linkedin
877,Delhi-NCR,22,6,Very poor,Laptop/Desktop,4,0,8,2,WhatsApp
878,Delhi-NCR,22,5,Average,Smartphone,4,1,8,2,Youtube
879,Delhi-NCR,28,3,Good,Laptop/Desktop,2,1,8,4,Instagram
880,Outside Delhi-NCR,16,5,Very poor,Smartphone,1,0,10,3,WhatsApp
881,Delhi-NCR,20,2,Average,Smartphone,3,0,12,7,Instagram
882,Outside Delhi-NCR,21,2,Very poor,Smartphone,4,0,8,1,WhatsApp
883,Delhi-NCR,19,4,Average,Laptop/Desktop,3,2,7,4,Instagram
884,Delhi-NCR,20,6,Average,Laptop/Desktop,2,1,8,2,Instagram
885,Outside Delhi-NCR,14,2,Good,Smartphone,2,1,8,3,WhatsApp
886,Outside Delhi-NCR,26,1,Average,Smartphone,3,1,8,4,Youtube
887,Delhi-NCR,21,3,Very poor,Laptop/Desktop,2,0,8,6,Instagram
888,Outside Delhi-NCR,34,1,Good,Smartphone,3,0.5,7,0,None
889,Delhi-NCR,19,5,Very poor,Smartphone,2,0,6,3,Instagram
890,Delhi-NCR,19,8,Very poor,Laptop/Desktop,2,1,6,2,WhatsApp
891,Outside Delhi-NCR,21,7,Good,Any Gadget,7,0,10,3,WhatsApp
892,Outside Delhi-NCR,23,4,Very poor,Laptop/Desktop,1,0,7,8,Facebook
893,Delhi-NCR,19,5,Very poor,Smartphone,2,0,7,3,Instagram
894,Delhi-NCR,27,1,Average,Laptop/Desktop,2,0,8,3,Instagram
895,Outside Delhi-NCR,33,3,Average,Smartphone,1,0,6,1,WhatsApp
896,Outside Delhi-NCR,21,5,Average,Smartphone,3,1,11,3,Youtube
897,Outside Delhi-NCR,21,2,Very poor,Smartphone,3,0,8,4,WhatsApp
898,Outside Delhi-NCR,24,0,Very poor,Smartphone,1,0,5,4,Linkedin
899,Outside Delhi-NCR,23,0,Good,Laptop/Desktop,0,0,8,3,Youtube
900,Delhi-NCR,20,5,Good,Laptop/Desktop,1,1,8,1,Instagram
901,Outside Delhi-NCR,29,10,Good,Laptop/Desktop,7,1,6,7,WhatsApp
902,Outside Delhi-NCR,20,4,Average,Laptop/Desktop,1,1,10,5,Instagram
903,Delhi-NCR,21,1,Good,Smartphone,5,0,7,2,Linkedin
904,Outside Delhi-NCR,21,6,Average,Laptop/Desktop,2,1,8,5,Instagram
905,Delhi-NCR,19,7,Average,Laptop/Desktop,1,1,5,6,Instagram
906,Delhi-NCR,19,5,Average,Smartphone,6,2,5,4,Instagram
907,Delhi-NCR,39,2,Excellent,Tablet,1,1,7,1,WhatsApp
908,Outside Delhi-NCR,20,3,Average,Smartphone,2,0,8,1,Facebook
909,Delhi-NCR,19,5,Average,Laptop/Desktop,2,0.5,8,2,WhatsApp
910,Outside Delhi-NCR,23,2,Average,Laptop/Desktop,6,2,7,4,Facebook
911,Outside Delhi-NCR,21,5,Average,Laptop/Desktop,2,0,10,2,WhatsApp
912,Outside Delhi-NCR,10,5,Average,Laptop/Desktop,2,1,9,1.5,WhatsApp
913,Delhi-NCR,14,5,Average,Tablet,1,1,9,1,Youtube
914,Outside Delhi-NCR,9,5,Excellent,Smartphone or Laptop/Desktop,2,0.6,7,1,WhatsApp
915,Outside Delhi-NCR,22,4,Average,Laptop/Desktop,3,1,7,1,Twitter
916,Outside Delhi-NCR,13,4,Good,Laptop/Desktop,2,0,10,3,Youtube
917,Delhi-NCR,23,2,Very poor,Smartphone,2,1,6,3,WhatsApp
918,Delhi-NCR,13,5,Very poor,Smartphone,1,0.6,7,4,Youtube
919,Outside Delhi-NCR,21,1,Good,Laptop/Desktop,3,1,10,3,Instagram
920,Outside Delhi-NCR,34,3,Average,Smartphone,6,0,6,1,WhatsApp
921,Delhi-NCR,14,9,Good,Smartphone,2,1,9,1,Instagram
922,Delhi-NCR,32,2,Average,Smartphone,2,1,6,1,Youtube
923,Outside Delhi-NCR,21,3,Average,Smartphone,2,1,8,6,WhatsApp
924,Delhi-NCR,19,3,Excellent,Smartphone,0,1,6,4,Facebook
925,Outside Delhi-NCR,14,5,Average,Tablet,3,1,6,4,Youtube
926,Delhi-NCR,22,1,Average,Smartphone,1,0,9,3,Instagram
927,Outside Delhi-NCR,26,9,Very poor,Laptop/Desktop,2,0,5,3,Linkedin
928,Outside Delhi-NCR,21,2,Very poor,Smartphone,2,0,7,1,Youtube
929,Delhi-NCR,22,1,Very poor,Laptop/Desktop,6,0,6,2,WhatsApp
930,Outside Delhi-NCR,21,2,Average,Laptop/Desktop,3,1,8,6,Instagram
931,Outside Delhi-NCR,40,5,Excellent,Laptop/Desktop,4,1,7,6,Linkedin
932,Outside Delhi-NCR,15,2,Good,Laptop/Desktop,2,0,11,5,Youtube
933,Delhi-NCR,16,3,Average,Smartphone,3,0,10,5,Instagram
934,Outside Delhi-NCR,20,4,Very poor,Smartphone,3,1,8,5,Youtube
935,Outside Delhi-NCR,22,2,Very poor,Laptop/Desktop,1,0,8,4,WhatsApp
936,Outside Delhi-NCR,22,4,Average,Laptop/Desktop,6,0,8,5,Instagram
937,Delhi-NCR,23,2,Good,Smartphone,7,0,7,4,Instagram
938,Delhi-NCR,21,4,Good,Laptop/Desktop,10,1,7,3,WhatsApp
939,Outside Delhi-NCR,17,3,Average,Smartphone,2,1,8,5,WhatsApp
940,Delhi-NCR,24,0,Average,Laptop/Desktop,10,1,8,1,WhatsApp
941,Delhi-NCR,19,1,Average,Smartphone,0,0,8,6,Instagram
942,Delhi-NCR,23,10,Average,Laptop/Desktop,1,0,8,8,Youtube
943,Delhi-NCR,21,6,Average,Smartphone,2,1,7,3,WhatsApp
944,Delhi-NCR,14,6,Good,Tablet,2,0,8.3,1,Youtube
945,Outside Delhi-NCR,14,3,Good,Smartphone,1,0,8,3,Youtube
946,Delhi-NCR,23,2,Average,Laptop/Desktop,6,1,7,2,Linkedin
947,Delhi-NCR,21,0,NA,,1,1,11,8,Instagram
948,Outside Delhi-NCR,33,2,Average,Smartphone,1,0,6,1,WhatsApp
949,Delhi-NCR,11,4,Good,Smartphone,2,0,9,1,WhatsApp
950,Delhi-NCR,20,3,Good,Laptop/Desktop,2,1,10,2,Instagram
951,Outside Delhi-NCR,23,2,Average,Smartphone,2,0.3,8,1,WhatsApp
952,Delhi-NCR,20,0,NA,,2,0,7,0.5,Twitter
953,Delhi-NCR,18,0,Poor,Smartphone,0,2,12,1,Twitter
954,Delhi-NCR,21,4,Average,Smartphone,8,0,6,1,Youtube
955,Delhi-NCR,38,2,Very poor,Laptop/Desktop,4,0,7,3,WhatsApp
956,Delhi-NCR,20,5,Good,Laptop/Desktop,5,0,8,3,Youtube
957,Delhi-NCR,21,0,NA,,6,1,9,2,WhatsApp
958,Delhi-NCR,11,2,Excellent,Smartphone,1,0,10,3,Youtube
959,Outside Delhi-NCR,22,0,Good,Laptop/Desktop,4,1,7,3,Instagram
960,Delhi-NCR,23,0,NA,,2,2,10,6,Youtube
961,Delhi-NCR,21,8,Very poor,Laptop/Desktop,1,1,9,2,Instagram
962,Delhi-NCR,26,0,Very poor,Smartphone,0,0,12,2,Linkedin
963,Outside Delhi-NCR,23,2,Very poor,Laptop/Desktop,1,1,7.5,1,WhatsApp
964,Delhi-NCR,19,3,Average,Smartphone,5,1,6,1,Youtube
965,Delhi-NCR,21,5,Average,Smartphone,3,1,8,4,Youtube
966,Delhi-NCR,20,4,Very poor,Laptop/Desktop,3,0,9,2,Instagram
967,Outside Delhi-NCR,19,1,Good,Laptop/Desktop,2,0,8,1,WhatsApp
968,Outside Delhi-NCR,20,4,Very poor,Smartphone,2,0,10,1,Instagram
969,Delhi-NCR,19,2,Average,Laptop/Desktop,3,0.5,8,2,Instagram
970,Delhi-NCR,17,4,Good,Laptop/Desktop,2,1,10,6,WhatsApp
971,Delhi-NCR,20,10,Very poor,Laptop/Desktop,2,1,8,5,Instagram
972,Outside Delhi-NCR,20,4,Good,Smartphone,2,1,8,2,Instagram
973,Outside Delhi-NCR,27,4,Average,Smartphone,2,0,7,8,Youtube
974,Delhi-NCR,18,7,Very poor,Smartphone,4,0,9,2,Instagram
975,Outside Delhi-NCR,18,8,Good,Smartphone,2,0.25,7,1.5,Instagram
976,Outside Delhi-NCR,19,6,Average,Smartphone,4,1,6,5,WhatsApp
977,Delhi-NCR,18,5,Very poor,Smartphone,0,0,7,1,Instagram
978,Outside Delhi-NCR,20,4,Good,Smartphone,2,1,8,2,Instagram
979,Outside Delhi-NCR,19,6,Very poor,Laptop/Desktop,2,0,8,2,Instagram
980,Delhi-NCR,19,6,Average,Laptop/Desktop,5,1,7,3,Instagram
981,Delhi-NCR,18,8,Very poor,Smartphone,0,1,6,5,WhatsApp
982,Delhi-NCR,18,4,Very poor,Smartphone,0,1,8,2,Instagram
983,Delhi-NCR,19,8,Good,Smartphone,2,2,8,5,Instagram
984,Delhi-NCR,26,1,Average,Smartphone,1,0,8,3,Facebook
985,Outside Delhi-NCR,18,8,Average,Smartphone,3,1,5,4,Youtube
986,Outside Delhi-NCR,19,2,Good,Smartphone,2,1,8,3,WhatsApp
987,Outside Delhi-NCR,18,5,Average,Smartphone,2,0,6,1,Instagram
988,Outside Delhi-NCR,21,2,Average,Laptop/Desktop,1,0,12,3,Instagram
989,Outside Delhi-NCR,19,0,Very poor,Laptop/Desktop,8,0,8,10,Instagram
990,Outside Delhi-NCR,23,2,Average,Laptop/Desktop,2,2,7,5,WhatsApp
991,Outside Delhi-NCR,22,4,Good,Laptop/Desktop,2,0,9,3,Instagram
992,Delhi-NCR,19,8,Average,Smartphone,4,0,6,1,WhatsApp
993,Outside Delhi-NCR,19,6,Good,Laptop/Desktop,2,0,8,10,Instagram
994,Delhi-NCR,18,6,Very poor,Smartphone,4,0,7,3,Instagram
995,Outside Delhi-NCR,12,0,Excellent,Smartphone,3,1,8,1,WhatsApp
996,Outside Delhi-NCR,18,5,Good,Smartphone,3,2,8,3,Youtube
997,Delhi-NCR,19,4,Very poor,Laptop/Desktop,3,0,8,2,Youtube
998,Delhi-NCR,19,6,Average,Laptop/Desktop,2,2,6,3,Instagram
999,Delhi-NCR,20,3,Very poor,Laptop/Desktop,2,0,7,3,Instagram
1000,Outside Delhi-NCR,26,4,Very poor,Smartphone,2,0,7,2,Instagram
1001,Outside Delhi-NCR,20,3,Very poor,Laptop/Desktop,2,1,8,1,WhatsApp
1002,Outside Delhi-NCR,23,4,Good,Smartphone,2,1,7,3,Linkedin
1003,Delhi-NCR,26,4,Very poor,Smartphone,3,1,7,2,Youtube
1004,Delhi-NCR,19,4,Average,Laptop/Desktop,2,0.5,8,2,WhatsApp
1005,Outside Delhi-NCR,22,0,Good,Laptop/Desktop,2,1,9,2,Instagram
1006,Outside Delhi-NCR,23,3,Average,Smartphone,4,1,8,3,WhatsApp
1007,Delhi-NCR,20,2,Good,Smartphone,3,1,6,2,WhatsApp
1008,Outside Delhi-NCR,29,5,Average,Laptop/Desktop,3,1,8,2,Linkedin
1009,Outside Delhi-NCR,28,5,Good,Laptop/Desktop,4,1,10,2,WhatsApp
1010,Delhi-NCR,32,3,Average,Laptop/Desktop,2,0,6,2,WhatsApp
1011,Outside Delhi-NCR,21,0,Poor,Smartphone,1,2,7,2,Instagram
1012,Outside Delhi-NCR,24,1,Good,Smartphone,3,2,8,2,Youtube
1013,Delhi-NCR,25,0,Good,Laptop/Desktop,4,1,8,2,WhatsApp
1014,Delhi-NCR,32,4,Average,Laptop/Desktop,4,1,6,0.3,WhatsApp
1015,Delhi-NCR,35,1,Good,Smartphone,3,1,7,2,WhatsApp
1016,Delhi-NCR,27,0,Good,Smartphone,2,0,8,2,Youtube
1017,Delhi-NCR,36,3,Average,Laptop/Desktop,2,0,10,2,Youtube
1018,Delhi-NCR,22,5,Very poor,Laptop/Desktop,1,1,8,1,Twitter
1019,Delhi-NCR,20,6,Good,Laptop/Desktop,4,1,6,1,Instagram
1020,Outside Delhi-NCR,16,4,Very poor,Smartphone,2,0,9,2,Youtube
1021,Outside Delhi-NCR,38,2,Average,Laptop/Desktop,3,1,5,3,WhatsApp
1022,Delhi-NCR,24,2,Good,Smartphone,0,1,9,5,Instagram
1023,Outside Delhi-NCR,25,0,Very poor,Smartphone,2,0,7,5,Facebook
1024,Outside Delhi-NCR,20,2,Very poor,Smartphone,8,1,6,1,Youtube
1025,Delhi-NCR,22,2,Very poor,Smartphone,1,0,9,3,Youtube
1026,Delhi-NCR,23,4,Average,Smartphone,3,1,8,2,WhatsApp
1027,Outside Delhi-NCR,24,2,Very poor,Smartphone,6,0,12,4,Twitter
1028,Delhi-NCR,20,0,Average,Smartphone,0,2,9,2,Youtube
1029,Outside Delhi-NCR,20,5,Average,Laptop/Desktop,4,1,8,1.5,Instagram
1030,Outside Delhi-NCR,19,3,Very poor,Laptop/Desktop,3,0,8,3,WhatsApp
1031,Outside Delhi-NCR,18,4,Very poor,Laptop/Desktop,1,1,10,3,WhatsApp
1032,Outside Delhi-NCR,20,5,Very poor,Laptop/Desktop,3,0.5,10,3,WhatsApp
1033,Outside Delhi-NCR,21,6,Good,Laptop/Desktop,4,1,8,2,WhatsApp
1034,Outside Delhi-NCR,20,2,Very poor,Laptop/Desktop,1,0,6,1,Twitter
1035,Outside Delhi-NCR,20,2,Good,Smartphone,2,1,8,2,Instagram
1036,Outside Delhi-NCR,21,4,Excellent,Laptop/Desktop,2,0,8,0.5,WhatsApp
1037,Delhi-NCR,22,2,Average,Laptop/Desktop,2,1,8,3,WhatsApp
1038,Delhi-NCR,22,2,Very poor,Smartphone,3,1,10,4,Instagram
1039,Delhi-NCR,21,0,Poor,Smartphone,1,0,7,0,WhatsApp
1040,Delhi-NCR,19,4,Very poor,Laptop/Desktop,3,0,10,4,Youtube
1041,Delhi-NCR,18,2,Average,Smartphone,2,1,8,1.3,Instagram
1042,Delhi-NCR,20,3,Very poor,Smartphone,2,0,6,3,Instagram
1043,Delhi-NCR,20,3,Average,Smartphone,3,1,11,3,Facebook
1044,Outside Delhi-NCR,18,0,Good,Smartphone,3,1,7,2,Instagram
1045,Delhi-NCR,31,8,Very poor,Laptop/Desktop,1,0,8,2,WhatsApp
1046,Delhi-NCR,18,6,Very poor,Laptop/Desktop,2,0,8,1,Instagram
1047,Outside Delhi-NCR,23,2,Good,Smartphone,1,1,5,2,None
1048,Outside Delhi-NCR,20,3,Average,Laptop/Desktop,2,0,9,5,Youtube
1049,Delhi-NCR,33,4,Average,Smartphone,2,1,6,4,Youtube
1050,Delhi-NCR,24,2,Average,Smartphone,4,0,6,3,Instagram
1051,Outside Delhi-NCR,17,5,Very poor,Laptop/Desktop,0.5,0.3,7.5,0.5,Youtube
1052,Outside Delhi-NCR,15,4,Average,Laptop/Desktop,3,0,8,2,Instagram
1053,Outside Delhi-NCR,17,4,Average,Laptop/Desktop,5,2,7,0.4,Youtube
1054,Outside Delhi-NCR,16,4,Excellent,Smartphone or Laptop/Desktop,3,1,8,5,Youtube
1055,Outside Delhi-NCR,15,8,Average,Tablet,4,0,5,2,Youtube
1056,Outside Delhi-NCR,16,8,Good,Smartphone,5,0,9,1,Youtube
1057,Outside Delhi-NCR,16,5,Average,Laptop/Desktop,2,1,10,1,None
1058,Outside Delhi-NCR,15,7,Good,Smartphone,3,2,6,0,WhatsApp
1059,Outside Delhi-NCR,16,5,Very poor,Smartphone,1,2,10,1.5,Instagram
1060,Delhi-NCR,16,4,Very poor,Smartphone,4,1,7,2,Instagram
1061,Delhi-NCR,16,7,Good,Tablet,3,0,8,0.5,WhatsApp
1062,Outside Delhi-NCR,30,2,Very poor,Laptop/Desktop,0,1,8,1,Youtube
1063,Outside Delhi-NCR,16,5,Very poor,Smartphone,2,0.5,7,1,Youtube
1064,Delhi-NCR,15,5,Average,Laptop/Desktop,4,1,8,2,WhatsApp
1065,Delhi-NCR,16,4,Average,Laptop/Desktop,8,1,8,0.5,Youtube
1066,Delhi-NCR,15,4,Very poor,Laptop/Desktop,4,0,5,4,Youtube
1067,Delhi-NCR,15,4,Good,Smartphone,4,1,7,2,Youtube
1068,Delhi-NCR,15,8,Very poor,Smartphone,2,0,8,1,Youtube
1069,Delhi-NCR,16,7,Good,Smartphone,2,0,8,0.5,Youtube
1070,Delhi-NCR,15,3,Average,Smartphone,4,0.5,7,1,Instagram
1071,Outside Delhi-NCR,16,8,Average,Laptop/Desktop,1,0.3,8,0,Telegram
1072,Delhi-NCR,16,7,Average,Laptop/Desktop,3,0,8,3,Youtube
1073,Delhi-NCR,15,4,Average,Laptop/Desktop,4,1,7,1,WhatsApp
1074,Delhi-NCR,16,8,Average,Laptop/Desktop,8,0,7,2,WhatsApp
1075,Delhi-NCR,15,5,Excellent,Laptop/Desktop,4,0.5,8,0,None
1076,Delhi-NCR,16,8,Average,Smartphone,4,0,5,8,WhatsApp
1077,Delhi-NCR,16,8,Good,Laptop/Desktop,4,0,7,2,WhatsApp
1078,Delhi-NCR,16,4,Good,Smartphone,4,1,7,2,WhatsApp
1079,Delhi-NCR,16,7,Good,Smartphone,3,0,7,2,Instagram
1080,Delhi-NCR,16,6,Average,Laptop/Desktop,1,0.5,9,1,WhatsApp
1081,Delhi-NCR,17,6,Average,Smartphone,1,0,8,1,Reddit
1082,Delhi-NCR,16,8,Very poor,Smartphone,5,1,8,1,Facebook
1083,Delhi-NCR,16,4,Average,Laptop/Desktop,1,1,9,2,Youtube
1084,Delhi-NCR,15,9,Excellent,Laptop/Desktop,10,0.5,6,0,WhatsApp
1085,Delhi-NCR,17,3,Very poor,Smartphone,6,0,8,2,Youtube
1086,Delhi-NCR,16,6,Very poor,Smartphone,3,1,10,1,Youtube
1087,Delhi-NCR,16,8,Average,Laptop/Desktop,0,0,6,6,Instagram
1088,Delhi-NCR,16,8,Average,Laptop/Desktop,1,0,8,1,Youtube
1089,Delhi-NCR,15,5,Very poor,Smartphone,3,1,9,3,Instagram
1090,Delhi-NCR,16,4,Good,Smartphone,3,1,8,1,WhatsApp
1091,Delhi-NCR,17,4,Very poor,Laptop/Desktop,0,1,7,1,Youtube
1092,Delhi-NCR,25,5,Average,Laptop/Desktop,1,3,6,5,Instagram
1093,Delhi-NCR,20,0,Very poor,Smartphone,6,1,9,3,Youtube
1094,Delhi-NCR,16,5,Very poor,Smartphone,2,1,8,1,WhatsApp
1095,Delhi-NCR,16,4,Very poor,Smartphone,5,1,7,1,Instagram
1096,Delhi-NCR,15,5,Good,Laptop/Desktop,2,2,6,0.5,WhatsApp
1097,Delhi-NCR,16,4,Very poor,Smartphone,2,2,6,5,Youtube
1098,Delhi-NCR,24,6,Average,Smartphone,6,0,7,2,Youtube
1099,Delhi-NCR,16,5,Excellent,Smartphone,1,1,11,0,WhatsApp
1100,Delhi-NCR,16,5,Average,Laptop/Desktop,4,0,6,1,Instagram
1101,Delhi-NCR,16,5,Average,Smartphone,2,1,10,1,WhatsApp
1102,Outside Delhi-NCR,15,6,Average,Smartphone,1,1,9,1,Instagram
1103,Outside Delhi-NCR,17,2,Very poor,Tablet,8,3,5,0,Youtube
1104,Delhi-NCR,16,5,Average,Laptop/Desktop,8,2,5,2,Youtube
1105,Delhi-NCR,12,5,Good,Tablet,1,0,7,4,Youtube
1106,Delhi-NCR,14,4,Excellent,Smartphone,2,1,9,1,WhatsApp
1107,Outside Delhi-NCR,13,4,Excellent,Smartphone,3,0.25,8,1,Youtube
1108,Outside Delhi-NCR,12,5,Good,Smartphone,5,0,6,1,Youtube
1109,Delhi-NCR,15,6,Average,Smartphone,11,0.25,7,5,Youtube
1110,Delhi-NCR,13,5,Excellent,Tablet,4,1,8,0,Youtube
1111,Outside Delhi-NCR,12,4,Good,Tablet,1,1,9,1,Youtube
1112,Outside Delhi-NCR,13,6,Good,Smartphone,2,2,6,1,Youtube
1113,Delhi-NCR,16,4,Good,Laptop/Desktop,1,1,7,1,Instagram
1114,Delhi-NCR,12,4,Excellent,Smartphone,2,1,6,0,Youtube
1115,Delhi-NCR,14,4,Good,Smartphone,3.5,0,9,2,Youtube
1116,Delhi-NCR,13,8,Good,Smartphone,3,1,13,1,WhatsApp
1117,Delhi-NCR,13,6,Average,Laptop/Desktop,2,0,5,1,Youtube
1118,Delhi-NCR,14,6,Average,Laptop/Desktop,8,1,8,1,Youtube
1119,Delhi-NCR,14,4,Average,Smartphone,0,1,9,3,Youtube
1120,Delhi-NCR,14,6,Good,Smartphone,3,1,7,1,WhatsApp
1121,Delhi-NCR,14,6,Average,Smartphone,2,1,4,1,Youtube
1122,Delhi-NCR,14,4,Excellent,Smartphone,2,2,12,1,WhatsApp
1123,Outside Delhi-NCR,13,5,Good,Tablet,4,1,8,1,Youtube
1124,Delhi-NCR,18,7,Average,Smartphone,4,0,6,1,WhatsApp
1125,Delhi-NCR,13,3,Good,Tablet,4,1,7,1,Youtube
1126,Delhi-NCR,14,6,Average,Smartphone,3,1,10,1,WhatsApp
1127,Delhi-NCR,13,3,Very poor,Smartphone,1,2,7,3,Youtube
1128,Delhi-NCR,13,4,Average,Smartphone,2,1,8,2,Youtube
1129,Delhi-NCR,12,5.5,Good,Smartphone,2,1,7,3,Youtube
1130,Delhi-NCR,11,4,Excellent,Smartphone,2,0,11,1,WhatsApp
1131,Delhi-NCR,12,6,Excellent,Tablet,2,0.5,9,1,WhatsApp
1132,Delhi-NCR,13,2,Good,Smartphone,2,1,6,1,WhatsApp
1133,Delhi-NCR,14,6,Good,Laptop/Desktop,3,1,6,1,Youtube
1134,Delhi-NCR,16,4,Average,Smartphone,2,0,5,1,Youtube
1135,Delhi-NCR,10,4,Good,Smartphone,2,1,7,0,None
1136,Delhi-NCR,13,5,Excellent,Smartphone,3,1,8,2,Youtube
1137,Outside Delhi-NCR,12,4,Average,Smartphone,1,1,8,2,Youtube
1138,Delhi-NCR,15,8,Good,Laptop/Desktop,1.5,0.5,8,0.5,WhatsApp
1139,Delhi-NCR,14,5,Average,Smartphone or Laptop/Desktop,2,0,9,0.5,WhatsApp
1140,Delhi-NCR,14,3,Average,Smartphone,1,1,10,1,WhatsApp
1141,Delhi-NCR,13,4,Average,Smartphone,1,0,10,1,None
1142,Delhi-NCR,15,4,Very poor,Smartphone,2,1,9,0.5,Instagram
1143,Outside Delhi-NCR,17,6,Very poor,Smartphone,3,1,7,1,Instagram
1144,Outside Delhi-NCR,22,5,Average,Laptop/Desktop,4,0,8,3,Linkedin
1145,Outside Delhi-NCR,13,6,Good,Smartphone,2,0,11,1,WhatsApp
1146,Outside Delhi-NCR,11,5,Average,Smartphone,2,1,8,1,WhatsApp
1147,Delhi-NCR,13,4,Good,Smartphone,1,0.5,7,1,Instagram
1148,Outside Delhi-NCR,14,5,Excellent,Smartphone,2,0,12,2,Youtube
1149,Delhi-NCR,12,6,Good,Laptop/Desktop,2,2,8,7,Snapchat
1150,Delhi-NCR,13,4,Excellent,Laptop/Desktop,4,1,8,0,WhatsApp
1151,Delhi-NCR,12,4,Good,Smartphone,2,1,8,0,WhatsApp
1152,Delhi-NCR,12,5,Excellent,Laptop/Desktop,3,1,7,0,None
1153,Delhi-NCR,13,6,Excellent,Smartphone,7,0,5,0,Youtube
1154,Outside Delhi-NCR,14,6,Excellent,Laptop/Desktop,1,2,7,1,WhatsApp
1155,Delhi-NCR,14,6,Good,Smartphone,2,1,8,1,WhatsApp
1156,Delhi-NCR,12,6,Excellent,Smartphone,5,1,8,2,Youtube
1157,Delhi-NCR,14,6,Average,Smartphone,2,0.5,10,1,WhatsApp
1158,Delhi-NCR,14,3,Excellent,Smartphone,5,2,12,0.25,WhatsApp
1159,Delhi-NCR,12,4,Excellent,Smartphone,3,2,10,1,WhatsApp
1160,Delhi-NCR,14,4,Excellent,Smartphone,2,1,6,1,WhatsApp
1161,Delhi-NCR,13,6,Very poor,Laptop/Desktop,3,1,8,2,WhatsApp
1162,Delhi-NCR,12,5,Excellent,Smartphone,2,1,12,0,Youtube
1163,Delhi-NCR,13,5,Excellent,Laptop/Desktop,4,1,8,1,WhatsApp
1164,Delhi-NCR,12,4,Very poor,Smartphone,1.5,0,9,5,Youtube
1165,Delhi-NCR,13,6,Excellent,Laptop/Desktop,2,0.5,9,1,WhatsApp
1166,Delhi-NCR,12,6,Average,Smartphone,3,1,9,1,WhatsApp
1167,Delhi-NCR,12,5,Good,Laptop/Desktop,2,0,8,2,Youtube
1168,Delhi-NCR,13,6,Good,Tablet,2,1,6,1,Youtube
1169,Delhi-NCR,16,7.5,Good,Laptop/Desktop,4.5,0,6,0.5,WhatsApp
1170,Outside Delhi-NCR,13,5,Excellent,Laptop/Desktop,6,1,6,0,Youtube
1171,Delhi-NCR,13,4,Good,Smartphone,4,1,8,1,WhatsApp
1172,Delhi-NCR,15,5,Average,Smartphone,2,1,13,1,Youtube
1173,Delhi-NCR,12,6,Excellent,Laptop/Desktop,3,1,9,4,Youtube
1174,Delhi-NCR,13,8,Average,Laptop/Desktop,2,1,7,1,WhatsApp
1175,Delhi-NCR,15,5,Good,Tablet,4,1,7,2,WhatsApp
1176,Delhi-NCR,13,3,Very poor,Smartphone,1,0.5,8,3,Youtube
1177,Delhi-NCR,12,3,Good,Smartphone,4,1,8,1,Instagram
1178,Delhi-NCR,14,6,Average,Smartphone,4,1,9,1,WhatsApp
1179,Delhi-NCR,13,4,Average,Smartphone,0,0.5,8,3,Youtube
1180,Delhi-NCR,14,5,Excellent,Laptop/Desktop,3.5,1,8,0.5,Youtube
1181,Delhi-NCR,13,5,Good,Tablet,2,0.5,7,1,WhatsApp
