ID,Time Spent On TV,Number Of Meals Per Day,Change In Weight,Health Issue During Lockdown,Stress Busters,Time Utilized,Connection Status,Activities Missed (Most),Age Group
0,1,4,Increased,NO,Leisure and Entertainment,YES,YES,Education,Young Adults
1,0,3,Decreased,NO,Social Media,YES,NO,Personal Exploration,Young Adults
2,0,3,Remain Constant,NO,Leisure and Entertainment,NO,YES,Travel and Exploration,Young Adults
3,0,3,Decreased,NO,Watching videos,NO,NO,Social Interactions,Young Adults
4,1,4,Remain Constant,NO,Social Media,NO,NO,Travel and Exploration,Young Adults
5,0,1,Decreased,YES,Coding and studying for exams,NO,YES,Education,Young Adults
6,0,3,Increased,NO,Watching videos,NO,YES,Social Interactions,Pre-Teens
7,0,3,Increased,YES,Social Media,NO,YES,Dining and Entertainment,Pre-Teens
8,1,3,Increased,NO,Gaming,NO,NO,Social Interactions,Young Adults
9,3,3,Decreased,YES,Watching videos,NO,NO,Education,Young Adults
10,1,4,Remain Constant,NO,Social Media,NO,NO,Social Interactions,Young Adults
11,1,2,Increased,YES,Watching videos,YES,YES,Dining and Entertainment,Young Adults
12,0,3,Increased,YES,Leisure and Entertainment,NO,NO,Education,Young Adults
13,0.5,2,Increased,NO,Reading books,YES,YES,Travel and Exploration,Young Adults
14,0,3,Remain Constant,NO,Social Media,NO,NO,Dining and Entertainment,Young Adults
15,1,3,Increased,NO,Gaming,YES,YES,Dining and Entertainment,Young Adults
16,1,3,Increased,NO,Gaming,NO,YES,Social Interactions,Young Adults
17,0,3,Remain Constant,NO,Leisure and Entertainment,NO,NO,Personal Exploration,Young Adults
18,0,2,Remain Constant,NO,Reading books,NO,NO,Social Interactions,Young Adults
19,0,3,Increased,NO,Exercise,YES,YES,Social Interactions,Young Adults
20,1,2,Decreased,NO,Leisure and Entertainment,YES,YES,Personal Exploration,Young Adults
21,2,3,Remain Constant,NO,Communication with others,YES,NO,Education,Young Adults
22,1,4,Decreased,NO,Watching videos,NO,YES,Education,Young Adults
23,0,3,Decreased,NO,Exercise,YES,YES,Travel and Exploration,Young Adults
24,1,3,Decreased,NO,Reading books,YES,NO,Education,Young Adults
25,3,2,Increased,NO,Communication with others,YES,YES,Dining and Entertainment,Young Adults
26,0,2,Increased,YES,Leisure and Entertainment,NO,YES,Education,Young Adults
27,0,2,Remain Constant,NO,Leisure and Entertainment,NO,NO,Personal Exploration,Young Adults
28,0.5,3,Remain Constant,NO,Leisure and Entertainment,YES,YES,Work and Career,Adults
29,0,4,Remain Constant,NO,Leisure and Entertainment,NO,NO,Social Interactions,Young Adults
30,1,2,Decreased,YES,Leisure and Entertainment,YES,YES,Personal Exploration,Pre-Teens
31,0,2,Decreased,NO,Reading books,YES,YES,Travel and Exploration,Young Adults
32,0,3,Remain Constant,NO,Watching videos,YES,NO,Personal Reflection,Young Adults
33,0.5,3,Decreased,YES,Watching videos,YES,YES,Social Interactions,Young Adults
34,0,4,Increased,NO,Communication with others,YES,NO,Dining and Entertainment,Young Adults
35,1,3,Remain Constant,NO,Leisure and Entertainment,NO,YES,Social Interactions,Young Adults
36,0,3,Decreased,NO,Reading books,NO,YES,Travel and Exploration,Pre-Teens
37,0,3,Increased,NO,Sleeping,NO,YES,Dining and Entertainment,Young Adults
38,2,3,Increased,NO,Leisure and Entertainment,NO,YES,Education,Young Adults
39,0,3,Increased,NO,Reading books,NO,YES,Travel and Exploration,Young Adults
40,0,4,Increased,NO,Social Media,YES,YES,Travel and Exploration,Young Adults
41,1,4,Remain Constant,NO,Watching videos,YES,NO,Travel and Exploration,Young Adults
42,2,4,Remain Constant,YES,Leisure and Entertainment,NO,NO,Personal Exploration,Young Adults
43,0,2,Increased,NO,Leisure and Entertainment,NO,NO,Dining and Entertainment,Young Adults
44,0,4,Remain Constant,NO,Sleeping,NO,NO,Social Interactions,Pre-Teens
45,0,4,Increased,NO,Leisure and Entertainment,NO,YES,Dining and Entertainment,Young Adults
46,3,6,Decreased,NO,Leisure and Entertainment,YES,NO,Personal Exploration,Young Adults
47,0,3,Decreased,YES,Reading books,NO,NO,Education,Young Adults
48,0,4,Increased,NO,Leisure and Entertainment,YES,YES,Travel and Exploration,Young Adults
49,0,3,Remain Constant,NO,Social Media,YES,YES,Social Interactions,Pre-Teens
50,2,3,Remain Constant,YES,Gaming,NO,YES,Education,Pre-Teens
51,0,3,Remain Constant,NO,Reading books,NO,YES,Personal Exploration,Young Adults
52,0,3,Increased,NO,Gaming,NO,NO,Social Interactions,Young Adults
53,0.5,4,Remain Constant,NO,Reading books,YES,YES,Personal Exploration,Pre-Teens
54,2,4,Remain Constant,NO,Sleeping,YES,YES,Sports and Activities,Young Adults
55,0,3,Increased,YES,Watching videos,YES,YES,Personal Exploration,Pre-Teens
56,0,4,Increased,NO,Leisure and Entertainment,NO,YES,Social Interactions,Pre-Teens
57,2,3,Increased,NO,Gaming,YES,YES,Education,Pre-Teens
58,0,3,Increased,YES,Leisure and Entertainment,NO,YES,Education,Young Adults
59,1,3,Remain Constant,NO,Gaming,YES,NO,Dining and Entertainment,Young Adults
60,0,2,Increased,NO,Watching videos,YES,NO,Social Interactions,Young Adults
61,2,4,Increased,NO,Sleeping,YES,YES,Personal Exploration,Young Adults
62,0,1,Remain Constant,NO,Unable to reduce stress,NO,YES,Social Interactions,Pre-Teens
63,0,3,Increased,NO,Watching videos,NO,YES,Education,Young Adults
64,1,4,Decreased,NO,Leisure and Entertainment,YES,YES,Personal Exploration,Young Adults
65,1,3,Increased,NO,Leisure and Entertainment,NO,YES,Dining and Entertainment,Young Adults
66,0.5,3,Remain Constant,NO,Leisure and Entertainment,NO,YES,Dining and Entertainment,Pre-Teens
67,0.5,4,Remain Constant,NO,Exercise,YES,YES,Personal Exploration,Pre-Teens
68,1,2,Decreased,YES,Sleeping,NO,YES,Travel and Exploration,Young Adults
69,0,4,Decreased,NO,Social Media,NO,YES,Personal Exploration,Pre-Teens
70,1,4,Increased,NO,Leisure and Entertainment,NO,NO,Travel and Exploration,Young Adults
71,0,1,Increased,NO,Gaming,NO,NO,Dining and Entertainment,Young Adults
72,2,2,Remain Constant,NO,Reading books,NO,NO,Social Interactions,Young Adults
73,2,3,Remain Constant,NO,Many options,NO,YES,Social Interactions,Pre-Teens
74,0,4,Remain Constant,NO,Leisure and Entertainment,NO,YES,Education,Pre-Teens
75,0,2,Increased,YES,Leisure and Entertainment,YES,NO,Personal Exploration,Pre-Teens
76,0,3,Decreased,NO,Leisure and Entertainment,YES,YES,Education,Pre-Teens
77,4.5,3,Increased,NO,Social Media,NO,NO,Education,Young Adults
78,1,3,Increased,NO,Gaming,NO,YES,Education,Young Adults
79,0,4,Increased,NO,Watching videos,YES,YES,Travel and Exploration,Pre-Teens
80,1,2,Increased,YES,Social Media,NO,YES,Social Interactions,Young Adults
81,0,3,Remain Constant,NO,Gaming,NO,NO,Social Interactions,Young Adults
82,1,2,Increased,NO,Gaming,YES,YES,Education,Pre-Teens
83,2,2,Increased,NO,Gaming,NO,YES,Personal Exploration,Young Adults
84,0,3,Decreased,NO,Sleeping,YES,YES,Education,Young Adults
85,0,4,Decreased,NO,Social Media,NO,YES,Personal Exploration,Pre-Teens
86,0,3,Increased,YES,Leisure and Entertainment,YES,YES,Education,Young Adults
87,0,3,Decreased,NO,Meditation,NO,NO,All Options,Young Adults
88,0,4,Remain Constant,YES,Leisure and Entertainment,NO,NO,Dining and Entertainment,Pre-Teens
89,2,3,Increased,NO,Leisure and Entertainment,YES,YES,Education,Pre-Teens
90,0,3,Remain Constant,YES,Sports and games,NO,NO,Dining and Entertainment,Young Adults
91,0,3,Increased,NO,Leisure and Entertainment,NO,YES,Education,Pre-Teens
92,1.5,3,Increased,YES,Watching videos,NO,NO,Education,Pre-Teens
93,0,3,Decreased,NO,Sleeping,YES,YES,Education,Young Adults
94,1,3,Increased,NO,Leisure and Entertainment,NO,YES,Education,Young Adults
95,0,2,Remain Constant,NO,Reading books,NO,YES,Travel and Exploration,Pre-Teens
96,0,3,Remain Constant,NO,Leisure and Entertainment,NO,YES,Education,Pre-Teens
97,2,3,Increased,NO,Gaming,NO,YES,Dining and Entertainment,Young Adults
98,2,4,Increased,YES,Meditation,NO,YES,Social Interactions,Young Adults
99,0,3,Increased,NO,Leisure and Entertainment,NO,NO,Education,Young Adults
100,1,3,Remain Constant,NO,Social Media,YES,YES,Travel and Exploration,Pre-Teens
101,1,2,Remain Constant,NO,Watching videos,NO,YES,Education,Young Adults
102,0,4,Decreased,YES,Leisure and Entertainment,YES,NO,Travel and Exploration,Young Adults
103,1,2,Remain Constant,NO,Leisure and Entertainment,NO,NO,Social Interactions,Pre-Teens
104,0,5,Increased,NO,Reading books,YES,YES,Sports and Activities,Young Adults
105,0,3,Increased,NO,Communication with others,YES,NO,Travel and Exploration,Young Adults
106,0,2,Remain Constant,NO,Leisure and Entertainment,NO,NO,Education,Pre-Teens
107,0,3,Increased,NO,Leisure and Entertainment,NO,NO,Education,Young Adults
108,1,3,Decreased,NO,Leisure and Entertainment,YES,YES,Personal Exploration,Pre-Teens
109,4,3,Remain Constant,NO,Gaming,YES,NO,Social Interactions,Children
110,0.3,2,Decreased,NO,Communication with others,YES,YES,Education,Young Adults
111,0,2,Increased,YES,Sleeping,NO,YES,Education,Young Adults
112,0,4,Remain Constant,NO,Sleeping,NO,YES,Education,Pre-Teens
113,1,5,Increased,NO,Social Media,NO,NO,Social Interactions,Pre-Teens
114,0,3,Remain Constant,NO,Gaming,NO,YES,Education,Pre-Teens
115,1,3,Remain Constant,NO,Reading books,YES,NO,Education,Pre-Teens
116,2,3,Increased,NO,Gaming,YES,YES,Social Interactions,Young Adults
117,1,3,Remain Constant,NO,Sleeping,YES,YES,Social Interactions,Pre-Teens
118,1,3,Increased,NO,Exercise,YES,YES,Travel and Exploration,Young Adults
119,0,3,Increased,NO,Watching videos,NO,YES,Education,Pre-Teens
120,0,4,Remain Constant,NO,Leisure and Entertainment,NO,YES,Travel and Exploration,Pre-Teens
121,0,3,Remain Constant,NO,Meditation,YES,YES,Education,Young Adults
122,0,3,Remain Constant,NO,Meditation,YES,YES,Social Interactions,Young Adults
123,0,3,Increased,NO,Watching videos,YES,NO,Personal Exploration,Pre-Teens
124,0,2,Increased,YES,Sleeping,NO,NO,Education,Pre-Teens
125,1,3,Increased,NO,Meditation,YES,YES,Education,Young Adults
126,0.5,3,Remain Constant,NO,Leisure and Entertainment,YES,YES,Personal Exploration,Young Adults
127,0,4,Decreased,NO,Leisure and Entertainment,NO,NO,Personal Exploration,Pre-Teens
128,1.5,4,Increased,NO,Leisure and Entertainment,YES,YES,Education,Pre-Teens
129,1,1,Decreased,NO,Leisure and Entertainment,NO,YES,Dining and Entertainment,Pre-Teens
130,2,2,Decreased,NO,Meditation,YES,YES,Travel and Exploration,Young Adults
131,1,2,Remain Constant,NO,Leisure and Entertainment,NO,YES,Education,Pre-Teens
132,2,2,Increased,NO,Watching videos,YES,YES,Travel and Exploration,Pre-Teens
133,2,3,Decreased,NO,Leisure and Entertainment,NO,YES,Education,Young Adults
134,0,4,Increased,NO,Sleeping,YES,YES,Personal Exploration,Pre-Teens
135,0,5,Increased,NO,Gaming,NO,YES,Social Interactions,Young Adults
136,0,3,Remain Constant,NO,Gaming,NO,YES,Personal Exploration,Pre-Teens
137,1,3,Remain Constant,NO,Exercise,NO,YES,Dining and Entertainment,Pre-Teens
138,0,3,Remain Constant,NO,Leisure and Entertainment,YES,YES,Personal Exploration,Young Adults
139,0,3,Decreased,NO,Gaming,NO,YES,Education,Pre-Teens
140,1,2,Remain Constant,YES,Watching videos,YES,YES,Education,Young Adults
141,2,2,Decreased,NO,Meditation,YES,YES,Travel and Exploration,Young Adults
142,0,2,Increased,NO,Sleeping,YES,YES,Education,Young Adults
143,1,2,Increased,NO,Leisure and Entertainment,YES,YES,Social Interactions,Pre-Teens
144,3,2,Increased,NO,Watching videos,YES,YES,Dining and Entertainment,Pre-Teens
145,1,3,Remain Constant,NO,Leisure and Entertainment,YES,NO,Social Interactions,Pre-Teens
146,0,3,Increased,YES,Communication with others,YES,YES,Education,Young Adults
147,2,3,Remain Constant,NO,Leisure and Entertainment,NO,NO,Personal Exploration,Young Adults
148,0.5,2,Increased,YES,Gaming,NO,YES,Social Interactions,Pre-Teens
149,0,3,Remain Constant,NO,Leisure and Entertainment,YES,YES,Dining and Entertainment,Pre-Teens
150,0,3,Remain Constant,NO,Leisure and Entertainment,NO,NO,Dining and Entertainment,Pre-Teens
151,0,3,Increased,NO,Sleeping,NO,YES,Personal Exploration,Young Adults
152,1,4,Remain Constant,NO,Leisure and Entertainment,YES,YES,Social Interactions,Pre-Teens
153,3,4,Increased,NO,Leisure and Entertainment,NO,NO,Personal Exploration,Young Adults
154,1,1,Decreased,YES,Reading books,NO,YES,Dining and Entertainment,Young Adults
155,0,4,Remain Constant,YES,Leisure and Entertainment,YES,YES,Social Interactions,Pre-Teens
156,0,2,Increased,NO,Gaming,NO,YES,Dining and Entertainment,Young Adults
157,0,2,Decreased,NO,Gaming,NO,NO,Travel and Exploration,Young Adults
158,1,3,Remain Constant,NO,Leisure and Entertainment,YES,YES,Dining and Entertainment,Young Adults
159,0,3,Increased,YES,Reading books,NO,YES,Education,Young Adults
160,4,3,Increased,NO,Gaming,NO,NO,Social Interactions,Young Adults
161,2,3,Increased,YES,Sleeping,NO,YES,Education,Young Adults
162,0,4,Increased,NO,Gaming,NO,YES,Travel and Exploration,Young Adults
163,1,3,Remain Constant,YES,Gaming,NO,YES,Social Interactions,Young Adults
164,0,2,Increased,YES,Watching videos,NO,NO,Personal Exploration,Young Adults
165,0,2,Increased,NO,Leisure and Entertainment,NO,NO,Travel and Exploration,Young Adults
166,0,3,Increased,NO,Sleeping,YES,NO,Education,Young Adults
167,0,7,Increased,NO,Leisure and Entertainment,NO,YES,Education,Young Adults
168,0,3,Increased,NO,Social Media,NO,NO,Education,Young Adults
169,2,4,Increased,NO,Gaming,NO,YES,Social Interactions,Pre-Teens
170,1,3,Remain Constant,YES,Leisure and Entertainment,YES,YES,Education,Young Adults
171,1,3,Decreased,YES,Reading books,NO,YES,Personal Exploration,Young Adults
172,1,3,Increased,NO,Gaming,YES,YES,Social Interactions,Pre-Teens
173,0,3,Remain Constant,NO,Sleeping,NO,YES,Education,Young Adults
174,4,3,Decreased,NO,Sleeping,YES,YES,Personal Exploration,Young Adults
175,0,2,Decreased,YES,Gaming,YES,YES,Social Interactions,Young Adults
176,2,3,Remain Constant,NO,Sleeping,YES,YES,Travel and Exploration,Adults
177,2,5,Decreased,NO,Watching videos,NO,YES,Personal Exploration,Young Adults
178,0,4,Remain Constant,NO,Gaming,NO,YES,Social Interactions,Young Adults
179,1,4,Increased,NO,Leisure and Entertainment,NO,YES,Social Interactions,Young Adults
180,0,3,Remain Constant,NO,Watching videos,YES,NO,Social Interactions,Young Adults
181,0,3,Remain Constant,NO,Gaming,YES,YES,Education,Young Adults
182,2,3,Increased,YES,Leisure and Entertainment,YES,YES,Personal Exploration,Pre-Teens
183,0,3,Remain Constant,NO,Communication with others,YES,YES,Social Interactions,Young Adults
184,1.5,2,Decreased,YES,Watching videos,NO,NO,Social Interactions,Young Adults
185,5,3,Remain Constant,NO,Reading books,NO,YES,Social Interactions,Pre-Teens
186,0,3,Remain Constant,YES,Leisure and Entertainment,NO,NO,Education,Young Adults
187,1,3,Increased,NO,Leisure and Entertainment,YES,YES,Education,Young Adults
188,0,3,Increased,NO,Communication with others,YES,YES,Education,Pre-Teens
189,0,2,Decreased,NO,Gaming,NO,YES,Education,Young Adults
190,2,3,Remain Constant,NO,Watching videos,NO,YES,Education,Pre-Teens
191,0,3,Remain Constant,NO,Watching videos,NO,YES,Social Interactions,Young Adults
192,0,3,Decreased,YES,Communication with others,NO,NO,Education,Young Adults
193,1,3,Remain Constant,NO,Communication with others,YES,YES,Travel and Exploration,Adults
194,0,3,Remain Constant,NO,Communication with others,NO,YES,Social Interactions,Young Adults
195,0,2,Remain Constant,YES,Gaming,NO,NO,Family and Activities,Adults
196,2,3,Remain Constant,NO,Communication with others,YES,YES,Social Interactions,Young Adults
197,0,3,Remain Constant,NO,Leisure and Entertainment,YES,YES,Education,Young Adults
198,0.5,4,Increased,NO,Sleeping,YES,NO,Education,Young Adults
199,1,2,Increased,NO,Watching videos,NO,NO,Personal Exploration,Young Adults
200,0,2,Remain Constant,NO,Sleeping,YES,YES,Education,Pre-Teens
201,0.5,2,Remain Constant,NO,Meditation,YES,YES,Personal Exploration,Young Adults
202,0,3,Remain Constant,NO,Leisure and Entertainment,YES,YES,Travel and Exploration,Young Adults
203,0,3,Remain Constant,NO,Reading books,YES,YES,Travel and Exploration,Young Adults
204,0,4,Increased,NO,Watching videos,NO,NO,Travel and Exploration,Young Adults
205,0.5,2,Remain Constant,NO,Exercise,YES,YES,Education,Young Adults
206,0,3,Remain Constant,NO,Reading books,YES,YES,All Options,Pre-Teens
207,0,2,Remain Constant,NO,Gaming,YES,NO,Social Interactions,Pre-Teens
208,1,2,Increased,NO,Sleeping,YES,YES,Education,Middle-Aged Adults
209,1,2,Increased,NO,Leisure and Entertainment,YES,NO,Education,Pre-Teens
210,0,3,Increased,NO,Gaming,NO,YES,Social Interactions,Pre-Teens
211,2,3,Remain Constant,NO,Communication with others,YES,NO,Education,Young Adults
212,0.5,4,Increased,NO,Exercise,YES,NO,Travel and Exploration,Pre-Teens
213,1,2,Remain Constant,NO,Leisure and Entertainment,NO,NO,Dining and Entertainment,Pre-Teens
214,0,2,Remain Constant,YES,Social Media,YES,YES,Social Interactions,Young Adults
215,1,4,Remain Constant,NO,Reading books,NO,YES,Social Interactions,Pre-Teens
216,0.5,3,Increased,NO,Sleeping,NO,NO,Education,Young Adults
217,0.5,3,Remain Constant,NO,Social Media,NO,NO,Travel and Exploration,Pre-Teens
218,1,2,Remain Constant,YES,Meditation,YES,NO,Education,Pre-Teens
219,2,4,Increased,NO,Sleeping,NO,YES,Social Interactions,Young Adults
220,0,4,Increased,NO,Gaming,YES,NO,Travel and Exploration,Young Adults
221,1,3,Remain Constant,NO,Leisure and Entertainment,NO,NO,All Options,Pre-Teens
222,2,3,Decreased,NO,Gaming,YES,YES,Social Interactions,Young Adults
223,0,2,Increased,YES,Watching videos,YES,YES,Social Interactions,Young Adults
224,2,3,Increased,NO,Social Media,YES,YES,Education,Young Adults
225,1,3,Decreased,YES,Social Media,NO,YES,Personal Exploration,Pre-Teens
226,0,4,Remain Constant,NO,Leisure and Entertainment,YES,NO,Education,Pre-Teens
227,0,4,Increased,NO,Communication with others,NO,YES,Dining and Entertainment,Young Adults
228,0,3,Remain Constant,NO,Reading books,YES,YES,Social Interactions,Adults
229,3,4,Remain Constant,NO,Sleeping,NO,NO,Travel and Exploration,Pre-Teens
230,0,4,Remain Constant,NO,Leisure and Entertainment,NO,NO,Technology and Media,Young Adults
231,0.5,4,Increased,NO,Sleeping,YES,YES,Personal Exploration,Young Adults
232,0,3,Remain Constant,NO,Reading books,YES,YES,Education,Pre-Teens
233,3,3,Decreased,NO,Leisure and Entertainment,YES,YES,Social Interactions,Pre-Teens
234,0,3,Remain Constant,YES,Gaming,YES,YES,Education,Young Adults
235,0,3,Increased,NO,Gaming,NO,YES,Education,Pre-Teens
236,0,3,Increased,NO,Reading books,NO,YES,Personal Exploration,Young Adults
237,0.5,2,Remain Constant,NO,Meditation,YES,YES,Education,Adults
238,2,4,Remain Constant,NO,Leisure and Entertainment,NO,NO,Dining and Entertainment,Pre-Teens
239,1,1,Increased,NO,Leisure and Entertainment,YES,YES,Education,Pre-Teens
240,0,3,Remain Constant,NO,Gaming,YES,YES,Social Interactions,Pre-Teens
241,1,3,Decreased,YES,Gaming,NO,YES,Education,Pre-Teens
242,0.5,3,Remain Constant,NO,Sleeping,NO,YES,Social Interactions,Pre-Teens
243,0,2,Decreased,NO,Reading books,NO,YES,Education,Young Adults
244,2,4,Increased,NO,Social Media,YES,YES,Education,Pre-Teens
245,0,3,Increased,NO,Leisure and Entertainment,NO,NO,Personal Exploration,Young Adults
246,2,2,Increased,NO,Gaming,NO,YES,Education,Pre-Teens
247,2,3,Remain Constant,NO,Gaming,YES,NO,Entertainment,Young Adults
248,1,2,Remain Constant,NO,Leisure and Entertainment,NO,YES,Education,Pre-Teens
249,0,3,Increased,NO,Social Media,NO,YES,Personal Exploration,Young Adults
250,1,3,Remain Constant,NO,Exercise,YES,YES,Travel and Exploration,Pre-Teens
251,0,4,Remain Constant,NO,Reading books,NO,NO,Education,Young Adults
252,2,3,Increased,NO,Leisure and Entertainment,NO,YES,Education,Pre-Teens
253,1.5,3,Increased,NO,Watching videos,NO,YES,Education,Pre-Teens
254,1,3,Increased,NO,Watching videos,NO,YES,Social Interactions,Pre-Teens
255,0,3,Decreased,NO,Leisure and Entertainment,NO,NO,Education,Pre-Teens
256,0,3,Decreased,NO,Leisure and Entertainment,YES,YES,Dining and Entertainment,Young Adults
257,0,2,Remain Constant,NO,Communication with others,NO,NO,Education,Pre-Teens
258,1.5,3,Remain Constant,NO,Gaming,NO,YES,Education,Pre-Teens
259,1,2,Increased,YES,Sleeping,NO,YES,Education,Young Adults
260,2,3,Increased,NO,Watching videos,NO,NO,Social Interactions,Pre-Teens
261,0.5,2,Increased,YES,Leisure and Entertainment,YES,NO,Travel and Exploration,Young Adults
262,0,4,Increased,NO,Leisure and Entertainment,NO,YES,Social Interactions,Young Adults
263,0.5,2,Remain Constant,NO,Leisure and Entertainment,NO,YES,Social Interactions,Young Adults
264,1,3,Remain Constant,NO,Leisure and Entertainment,NO,NO,Education,Pre-Teens
265,1,3,Remain Constant,NO,Reading books,YES,YES,Personal Exploration,Young Adults
266,1,3,Remain Constant,NO,Leisure and Entertainment,NO,YES,Social Interactions,Pre-Teens
267,0,3,Remain Constant,NO,Reading books,YES,YES,Personal Reflection,Young Adults
268,2,3,Remain Constant,NO,Sports and games,YES,YES,Personal Reflection,Young Adults
269,0,2,Remain Constant,NO,Gaming,NO,NO,Dining and Entertainment,Young Adults
270,0,3,Increased,NO,Sleeping,NO,YES,Personal Exploration,Young Adults
271,1,3,Remain Constant,NO,Leisure and Entertainment,YES,YES,Education and Social Interactions,Pre-Teens
272,0,2,Increased,YES,Leisure and Entertainment,YES,YES,Personal Exploration,Pre-Teens
273,3,3,Increased,YES,Leisure and Entertainment,YES,YES,Personal Exploration,Pre-Teens
274,0,5,Remain Constant,NO,Leisure and Entertainment,NO,YES,Travel and Exploration,Pre-Teens
275,0,2,Remain Constant,NO,Gaming,NO,YES,Social Interactions,Young Adults
276,3,3,Increased,NO,Sleeping,NO,YES,Education,Pre-Teens
277,2,2,Increased,NO,Sleeping,YES,YES,Education,Pre-Teens
278,5,3,Decreased,NO,Watching videos,NO,NO,Personal Exploration,Young Adults
279,2,3,Decreased,NO,Leisure and Entertainment,YES,NO,Education,Pre-Teens
280,0,3,Remain Constant,NO,Leisure and Entertainment,YES,NO,Personal Exploration,Young Adults
281,1.5,4,Increased,NO,Reading books,YES,YES,Education,Pre-Teens
282,0,3,Increased,NO,Gaming,NO,YES,Social Interactions,Pre-Teens
283,2,3,Increased,NO,Gaming,NO,NO,All Options,Pre-Teens
284,0.5,2,Remain Constant,NO,Reading books,NO,NO,Personal Exploration,Pre-Teens
285,0,3,Remain Constant,NO,Leisure and Entertainment,YES,NO,Social Interactions,Young Adults
286,0,1,Increased,NO,Meditation,NO,YES,Personal Exploration,Young Adults
287,0,2,Increased,NO,Social Media,YES,YES,Education,Young Adults
288,1,3,Increased,NO,Communication with others,NO,NO,Education,Young Adults
289,0,3,Decreased,NO,Gaming,YES,NO,Education,Pre-Teens
290,1,4,Remain Constant,NO,Communication with others,NO,YES,Social Interactions,Pre-Teens
291,0,3,Decreased,NO,Leisure and Entertainment,YES,NO,Travel and Exploration,Pre-Teens
292,2,4,Remain Constant,YES,Leisure and Entertainment,YES,YES,Travel and Exploration,Young Adults
293,2,3,Increased,NO,Meditation,NO,YES,Personal Exploration,Young Adults
294,2,4,Remain Constant,NO,Watching videos,YES,YES,Travel and Exploration,Pre-Teens
295,0,3,Remain Constant,NO,Leisure and Entertainment,NO,NO,All Options,Pre-Teens
296,2,3,Increased,NO,Reading books,NO,YES,Travel and Exploration,Young Adults
297,0,3,Remain Constant,NO,Leisure and Entertainment,NO,YES,Social Interactions,Young Adults
298,2,3,Remain Constant,NO,Watching videos,NO,NO,Personal Exploration,Young Adults
299,3,3,Increased,NO,Sleeping,NO,YES,Travel and Exploration,Pre-Teens
300,2,3,Remain Constant,NO,Leisure and Entertainment,YES,YES,Personal Exploration,Young Adults
301,1,2,Remain Constant,NO,Leisure and Entertainment,YES,NO,Education,Young Adults
302,1,3,Increased,NO,Gaming,YES,NO,Personal Exploration,Young Adults
303,0,3,Remain Constant,NO,Gaming,YES,YES,Social Interactions,Pre-Teens
304,2,2,Increased,NO,Social Media,NO,YES,Social Interactions,Young Adults
305,0,2,Decreased,YES,Leisure and Entertainment,NO,NO,Personal Exploration,Young Adults
306,4,3,Remain Constant,NO,Leisure and Entertainment,NO,NO,Education,Young Adults
307,1,2,Remain Constant,NO,Leisure and Entertainment,YES,YES,All Options,Pre-Teens
308,0,4,Remain Constant,NO,No stress,YES,NO,Personal Reflection,Pre-Teens
309,2,2,Remain Constant,YES,Gaming,NO,NO,Education,Pre-Teens
310,1,3,Increased,YES,Gaming,YES,NO,Dining and Entertainment,Young Adults
311,0,3,Remain Constant,NO,Leisure and Entertainment,YES,NO,Dining and Entertainment,Pre-Teens
312,0.1,3,Increased,NO,Sleeping,NO,YES,Social Interactions,Pre-Teens
313,2,4,Remain Constant,NO,Watching videos,NO,NO,Travel and Exploration,Young Adults
314,4,3,Remain Constant,NO,Communication with others,NO,YES,Travel and Exploration,Young Adults
315,1,4,Increased,NO,Leisure and Entertainment,YES,NO,Education,Young Adults
316,0,4,Increased,NO,Work,YES,YES,Social Interactions,Pre-Teens
317,0,3,Decreased,NO,Gaming,NO,NO,Dining and Entertainment,Pre-Teens
318,0.25,3,Remain Constant,NO,Sleeping,YES,NO,Education,Young Adults
319,1,4,Increased,NO,Reading books,YES,YES,Social Interactions,Children
320,2,2,Decreased,NO,Gaming,NO,YES,Travel and Exploration,Young Adults
321,0,4,Increased,NO,Reading books,NO,YES,Education,Young Adults
322,1,2,Decreased,NO,Many options,NO,NO,Travel and Exploration,Pre-Teens
323,1,3,Increased,NO,Leisure and Entertainment,YES,NO,Education,Young Adults
324,1,2,Increased,NO,Sleeping,NO,YES,Social Interactions,Young Adults
325,0,3,Increased,NO,Leisure and Entertainment,YES,YES,Education,Young Adults
326,0,4,Remain Constant,YES,Leisure and Entertainment,YES,NO,Travel and Exploration,Young Adults
327,4,3,Remain Constant,NO,Gaming,YES,NO,All Options,Young Adults
328,2,2,Remain Constant,NO,Gaming,NO,NO,Personal Reflection,Pre-Teens
329,1,3,Remain Constant,YES,Reading books,NO,YES,Dining and Entertainment,Young Adults
330,3,2,Remain Constant,NO,Social Media,YES,YES,Travel and Exploration,Pre-Teens
331,3,2,Increased,YES,Exercise,NO,NO,Social Interactions,Young Adults
332,1,3,Remain Constant,NO,Gaming,NO,NO,Personal Reflection,Pre-Teens
333,1,2,Increased,NO,Watching videos,NO,YES,All Options,Pre-Teens
334,0,4,Remain Constant,NO,Watching videos,YES,NO,Social Interactions,Pre-Teens
335,0.5,3,Increased,NO,Communication with others,NO,YES,Family,Adults
336,1,3,Remain Constant,NO,Leisure and Entertainment,NO,YES,Social Interactions,Pre-Teens
337,0,3,Increased,NO,Reading books,YES,YES,Education,Adults
338,2,2,Increased,NO,Sleeping,YES,YES,Social Interactions,Pre-Teens
339,1,4,Increased,NO,Watching videos,NO,YES,Education,Young Adults
340,1,3,Increased,NO,Leisure and Entertainment,YES,YES,Social Interactions,Pre-Teens
341,0,4,Remain Constant,NO,Sleeping,NO,YES,Travel and Exploration,Young Adults
342,1,4,Increased,NO,Communication with others,NO,YES,Education,Pre-Teens
343,0,2,Increased,NO,Leisure and Entertainment,NO,NO,Social Interactions,Pre-Teens
344,0.5,2,Remain Constant,NO,Meditation,YES,YES,Education,Pre-Teens
345,3,4,Remain Constant,NO,Sports and games,NO,YES,Personal Exploration,Children
346,0,3,Remain Constant,NO,Watching videos,YES,YES,Dining and Entertainment,Young Adults
347,0,3,Increased,NO,Watching videos,NO,YES,Dining and Entertainment,Young Adults
348,2,3,Remain Constant,NO,Gaming,YES,YES,Education,Pre-Teens
349,1,3,Remain Constant,NO,Sleeping,YES,YES,Travel and Exploration,Adults
350,2,1,Increased,YES,Reading books,NO,YES,Education,Pre-Teens
351,1,3,Increased,NO,Gaming,YES,YES,Education,Children
352,3,3,Remain Constant,NO,Leisure and Entertainment,NO,YES,Education,Pre-Teens
353,1,3,Increased,NO,Leisure and Entertainment,YES,YES,Education,Pre-Teens
354,1,2,Decreased,NO,Leisure and Entertainment,YES,YES,Social Interactions,Pre-Teens
355,2,2,Remain Constant,NO,Exercise,YES,NO,Travel and Exploration,Pre-Teens
356,2,4,Increased,NO,Reading books,NO,YES,Dining and Entertainment,Pre-Teens
357,0,3,Remain Constant,NO,Leisure and Entertainment,YES,NO,Personal Exploration,Young Adults
358,1,4,Increased,NO,Leisure and Entertainment,YES,YES,Social Interactions,Young Adults
359,1,3,Increased,NO,Sleeping,YES,NO,Education,Adults
360,0,4,Decreased,NO,Gaming,YES,YES,Sports and Activities,Young Adults
361,2,7,Increased,NO,Exercise,YES,YES,Education,Pre-Teens
362,0,3,Increased,YES,Leisure and Entertainment,NO,NO,Education,Young Adults
363,0.5,3,Remain Constant,NO,Reading books,YES,YES,Personal Exploration,Pre-Teens
364,0,3,Remain Constant,NO,Leisure and Entertainment,NO,YES,Travel and Exploration,Young Adults
365,4,3,Increased,NO,Watching videos,YES,NO,Social Interactions,Pre-Teens
366,1,3,Remain Constant,NO,Gaming,YES,YES,Personal Exploration,Young Adults
367,0,3,Increased,NO,Gaming,YES,NO,Education,Pre-Teens
368,2,1,Increased,YES,Gaming,YES,YES,Education,Pre-Teens
369,0,2,Remain Constant,NO,Gaming,NO,YES,Dining and Entertainment,Adults
370,2,3,Increased,NO,Communication with others,YES,YES,Social Interactions,Children
371,0,3,Remain Constant,YES,Leisure and Entertainment,NO,YES,Travel and Exploration,Young Adults
372,2,4,Remain Constant,NO,Leisure and Entertainment,NO,YES,Travel and Exploration,Children
373,0,4,Decreased,NO,Sleeping,NO,YES,Travel and Exploration,Young Adults
374,0.5,2,Increased,NO,Social Media,YES,YES,Travel and Exploration,Adults
375,0.5,4,Remain Constant,YES,Communication with others,NO,YES,Education,Young Adults
376,2,2,Decreased,NO,Meditation,YES,YES,Travel and Exploration,Young Adults
377,1,2,Remain Constant,NO,Watching videos,YES,YES,Travel and Exploration,Adults
378,3,1,Decreased,NO,Gaming,NO,NO,Education,Pre-Teens
379,1,1,Remain Constant,NO,Reading books,NO,YES,Social Interactions,Children
380,1,3,Remain Constant,NO,Leisure and Entertainment,YES,NO,Social Interactions,Pre-Teens
381,2,3,Remain Constant,NO,Communication with others,NO,NO,Personal Exploration,Young Adults
382,1,3,Increased,NO,Leisure and Entertainment,NO,YES,Travel and Exploration,Adults
383,5,2,Remain Constant,NO,Meditation,NO,YES,Personal Routine,Young Adults
384,3,3,Remain Constant,NO,Leisure and Entertainment,NO,YES,Social Interactions,Young Adults
385,1,4,Remain Constant,NO,Reading books,YES,YES,Education,Children
386,2,1,Increased,NO,Communication with others,YES,YES,Education,Pre-Teens
387,0,3,Decreased,NO,Watching videos,YES,YES,Personal Exploration,Pre-Teens
388,5,2,Remain Constant,NO,Leisure and Entertainment,YES,NO,Travel and Exploration,Young Adults
389,2,1,Remain Constant,NO,Gaming,YES,YES,Education,Pre-Teens
390,0,3,Remain Constant,NO,Watching videos,NO,NO,Social Interactions,Young Adults
391,0.5,4,Remain Constant,NO,Leisure and Entertainment,YES,YES,Personal Exploration,Young Adults
392,0,2,Remain Constant,NO,Leisure and Entertainment,NO,YES,Social Interactions,Pre-Teens
393,0,3,Increased,NO,Leisure and Entertainment,NO,YES,Travel and Exploration,Young Adults
394,4,3,Increased,NO,Gaming,YES,YES,Education,Pre-Teens
395,0,3,Remain Constant,NO,Leisure and Entertainment,YES,YES,Social Interactions,Pre-Teens
396,2,3,Remain Constant,YES,Watching videos,NO,YES,Travel and Exploration,Young Adults
397,1,2,Remain Constant,NO,Leisure and Entertainment,NO,YES,Education,Pre-Teens
398,2,3,Decreased,NO,Gaming,YES,YES,Travel and Exploration,Pre-Teens
399,1,3,Increased,NO,Leisure and Entertainment,NO,YES,Dining and Entertainment,Young Adults
400,0,1,Decreased,NO,Leisure and Entertainment,YES,YES,Education,Pre-Teens
401,0,1,Decreased,YES,Reading books,YES,YES,Education,Pre-Teens
402,0.5,3,Remain Constant,NO,Gaming,YES,YES,Education,Pre-Teens
403,0,3,Remain Constant,NO,Meditation,YES,YES,Social Interactions,Young Adults
404,6,3,Decreased,NO,Gaming,NO,YES,Social Interactions,Young Adults
405,0,3,Decreased,NO,Watching videos,YES,NO,Dining and Entertainment,Young Adults
406,0,3,Decreased,NO,Leisure and Entertainment,YES,YES,Personal Exploration,Young Adults
407,0.3,2,Increased,NO,Gaming,NO,YES,Social Interactions,Pre-Teens
408,0,3,Decreased,YES,Leisure and Entertainment,YES,YES,Travel and Exploration,Young Adults
409,0,3,Increased,NO,Gaming,YES,YES,Education,Pre-Teens
410,1,3,Increased,NO,Leisure and Entertainment,NO,NO,Personal Exploration,Children
411,4.5,2,Decreased,NO,Watching videos,NO,YES,Social Interactions,Pre-Teens
412,3,3,Increased,NO,Gaming,NO,YES,Social Interactions,Adults
413,2,3,Remain Constant,NO,Exercise,YES,YES,Personal Exploration,Children
414,1,2,Remain Constant,NO,Watching videos,YES,YES,Education,Young Adults
415,2,2,Increased,NO,Sleeping,YES,YES,Social Interactions,Children
416,0,4,Remain Constant,NO,Gaming,YES,YES,Education,Pre-Teens
417,0,3,Decreased,NO,Gaming,YES,NO,Travel and Exploration,Young Adults
418,0,3,Remain Constant,NO,Watching videos,YES,YES,Personal Exploration,Young Adults
419,2,3,Remain Constant,NO,Watching videos,NO,YES,Personal Exploration,Young Adults
420,4,4,Decreased,NO,Sleeping,NO,YES,Social Interactions,Young Adults
421,1,1,Remain Constant,NO,Leisure and Entertainment,NO,YES,Social Interactions,Children
422,1,3,Remain Constant,YES,Social Media,NO,NO,Education,Young Adults
423,1,2,Decreased,NO,Communication with others,YES,YES,Personal Exploration,Young Adults
424,2,3,Remain Constant,NO,Watching videos,NO,YES,Education,Adults
425,0,3,Decreased,NO,Social Media,YES,YES,Travel and Exploration,Young Adults
426,5,4,Remain Constant,NO,Leisure and Entertainment,NO,NO,Education,Young Adults
427,2,3,Remain Constant,YES,Watching videos,YES,YES,Social Interactions,Young Adults
428,1,4,Remain Constant,NO,Leisure and Entertainment,YES,YES,All Options,Pre-Teens
429,0,3,Remain Constant,NO,Gaming,NO,NO,Social Interactions,Pre-Teens
430,2,3,Increased,NO,Watching videos,NO,YES,Education,Pre-Teens
431,0.5,3,Remain Constant,NO,Social Media,NO,YES,Social Interactions,Pre-Teens
432,1,2,Decreased,NO,Sleeping,NO,NO,Travel and Exploration,Pre-Teens
433,0,2,Remain Constant,NO,Gaming,YES,YES,Social Interactions,Pre-Teens
434,1,3,Remain Constant,NO,Leisure and Entertainment,YES,NO,Education,Middle-Aged Adults
435,0.6,4,Increased,NO,Reading books,YES,YES,Personal Exploration,Young Adults
436,0.5,2,Remain Constant,YES,Leisure and Entertainment,NO,YES,Personal Exploration,Pre-Teens
437,3,2,Increased,YES,Social Media,NO,NO,Education,Pre-Teens
438,0,3,Remain Constant,NO,Reading books,YES,YES,Dining and Entertainment,Young Adults
439,7,3,Increased,NO,Watching videos,NO,NO,Social Interactions,Young Adults
440,3,3,Decreased,NO,Leisure and Entertainment,YES,YES,Social Interactions,Pre-Teens
441,0,2,Decreased,YES,Leisure and Entertainment,NO,YES,Social Interactions,Young Adults
442,0,3,Increased,NO,Reading books,YES,YES,Dining and Entertainment,Young Adults
443,0,1,Remain Constant,NO,Reading books,YES,NO,Education,Pre-Teens
444,0.5,2,Increased,NO,Gaming,YES,YES,Education,Pre-Teens
445,1,1,Decreased,NO,Communication with others,YES,YES,Social Interactions,Pre-Teens
446,1,2,Remain Constant,NO,Gaming,NO,YES,Personal Exploration,Adults
447,1,3,Increased,NO,Meditation,YES,YES,Social Interactions,Middle-Aged Adults
448,4,2,Remain Constant,NO,Gaming,NO,YES,Social Interactions,Pre-Teens
449,0,2,Remain Constant,NO,Reading books,YES,YES,Education,Young Adults
450,0,3,Remain Constant,NO,Leisure and Entertainment,YES,NO,Social Interactions,Young Adults
451,0,4,Remain Constant,NO,Leisure and Entertainment,NO,NO,Social Interactions,Young Adults
452,1,2,Increased,NO,Social Media,YES,YES,Education,Young Adults
453,3,4,Increased,NO,Social Media,NO,NO,Travel and Exploration,Young Adults
454,0,3,Remain Constant,NO,Reading books,YES,YES,Travel and Exploration,Pre-Teens
455,0,3,Remain Constant,NO,Leisure and Entertainment,YES,NO,Social Interactions,Pre-Teens
456,0.5,2,Remain Constant,NO,Gaming,YES,YES,Travel and Exploration,Adults
457,1,3,Remain Constant,YES,Gaming,YES,YES,Travel and Exploration,Pre-Teens
458,1,3,Increased,NO,Social Media,NO,YES,Social Interactions,Young Adults
459,2,2,Decreased,NO,Leisure and Entertainment,YES,YES,Education,Pre-Teens
460,3,4,Increased,NO,Sleeping,YES,YES,Personal Exploration,Young Adults
461,1,3,Remain Constant,NO,Communication with others,YES,YES,Travel and Exploration,Young Adults
462,0,3,Increased,NO,Watching videos,YES,YES,Travel and Exploration,Young Adults
463,7,2,Decreased,YES,Leisure and Entertainment,NO,NO,Education,Young Adults
464,0,4,Increased,NO,Watching videos,YES,YES,Travel and Exploration,Young Adults
465,0,7,Decreased,NO,Leisure and Entertainment,YES,YES,Social Interactions,Young Adults
466,0,4,Increased,NO,Leisure and Entertainment,NO,YES,Dining and Entertainment,Young Adults
467,1,3,Increased,NO,Gaming,NO,YES,Education,Pre-Teens
468,1,3,Increased,NO,Social Media,NO,NO,Education,Pre-Teens
469,2,3,Increased,NO,Gaming,NO,YES,Travel and Exploration,Children
470,0,2,Remain Constant,NO,Gaming,YES,YES,Education,Young Adults
471,0,2,Decreased,NO,Leisure and Entertainment,YES,YES,Travel and Exploration,Young Adults
472,0,2,Increased,NO,Social Media,NO,NO,Education,Young Adults
473,3,3,Remain Constant,NO,Gaming,YES,YES,Dining and Entertainment,Young Adults
474,2,3,Increased,NO,Meditation,YES,YES,Education,Pre-Teens
475,0,3,Increased,NO,Exercise,YES,YES,Social Interactions,Young Adults
476,1,3,Decreased,YES,Gaming,NO,YES,Dining and Entertainment,Pre-Teens
477,0,1,Decreased,NO,Meditation,NO,NO,Travel and Exploration,Young Adults
478,0.5,5,Remain Constant,YES,Leisure and Entertainment,YES,YES,Education,Pre-Teens
479,0,4,Decreased,NO,Leisure and Entertainment,NO,YES,Personal Exploration,Young Adults
480,2,2,Increased,NO,Gaming,NO,NO,Education,Pre-Teens
481,0,3,Increased,NO,Social Media,NO,YES,Personal Reflection,Pre-Teens
482,1,3,Remain Constant,YES,Reading books,NO,NO,Education,Young Adults
483,0,3,Remain Constant,NO,Meditation,YES,NO,Education,Young Adults
484,0.5,4,Decreased,NO,Leisure and Entertainment,NO,NO,Education,Young Adults
485,0,1,Remain Constant,NO,Reading books,NO,NO,Education,Young Adults
486,0,3,Remain Constant,NO,Communication with others,NO,YES,Social Interactions,Young Adults
487,0,4,Increased,NO,Watching videos,NO,YES,Dining and Entertainment,Young Adults
488,0.5,3,Increased,NO,Gaming,YES,YES,Education,Young Adults
489,0,3,Remain Constant,NO,Exercise,YES,YES,Travel and Exploration,Young Adults
490,0,3,Remain Constant,NO,Gaming,NO,YES,Dining and Entertainment,Young Adults
491,1,4,Remain Constant,NO,Gaming,NO,YES,Personal Exploration,Young Adults
492,2,2,Increased,YES,Social Media,NO,NO,Social Interactions,Young Adults
493,0,2,Remain Constant,NO,Gaming,NO,NO,Social Interactions,Pre-Teens
494,0,4,Increased,NO,Gaming,NO,NO,Personal Exploration,Young Adults
495,0,3,Increased,NO,Gaming,NO,YES,Education,Young Adults
496,0,3,Increased,NO,Gaming,NO,YES,Education,Pre-Teens
497,0,3,Decreased,NO,Exercise,YES,YES,Social Interactions,Pre-Teens
498,2,3,Remain Constant,NO,Exercise,YES,YES,Education,Children
499,0,3,Increased,NO,Gaming,NO,YES,Travel and Exploration,Young Adults
500,1,3,Remain Constant,NO,Sleeping,NO,NO,Education,Young Adults
501,0,3,Increased,NO,Gaming,YES,YES,Education,Young Adults
502,2,3,Increased,NO,Social Media,NO,NO,Personal Exploration,Young Adults
503,0,3,Increased,NO,Gaming,NO,NO,Social Interactions,Young Adults
504,0,3,Increased,NO,Sleeping,NO,YES,Education,Young Adults
505,4,4,Increased,NO,Gaming,YES,YES,Social Interactions,Young Adults
506,1,4,Remain Constant,NO,Gaming,YES,YES,Social Interactions,Pre-Teens
507,8,4,Increased,NO,Gaming,YES,YES,Social Interactions,Pre-Teens
508,6,2,Increased,NO,Gaming,NO,NO,Dining and Entertainment,Young Adults
509,0.5,3,Decreased,NO,Exercise,NO,YES,Education,Pre-Teens
510,1,4,Increased,NO,Leisure and Entertainment,YES,YES,Education,Children
511,1,2,Increased,NO,Leisure and Entertainment,YES,YES,Education,Pre-Teens
512,1,2,Decreased,NO,Communication with others,NO,YES,Education,Pre-Teens
513,2,3,Increased,NO,Watching videos,NO,YES,Education,Pre-Teens
514,15,3,Remain Constant,NO,Communication with others,YES,YES,Education,Young Adults
515,2,3,Increased,NO,Exercise,YES,YES,Travel and Exploration,Pre-Teens
516,2,4,Increased,NO,Leisure and Entertainment,NO,YES,Dining and Entertainment,Young Adults
517,0,4,Increased,NO,Sleeping,NO,NO,Travel and Exploration,Pre-Teens
518,0,3,Increased,NO,Gaming,NO,NO,Social Interactions,Pre-Teens
519,1,3,Increased,YES,Gaming,NO,YES,Education,Pre-Teens
520,1,3,Remain Constant,YES,Gaming,NO,NO,Personal Exploration,Young Adults
521,6,3,Remain Constant,NO,Leisure and Entertainment,YES,YES,Travel and Exploration,Adults
522,2,3,Increased,NO,Leisure and Entertainment,NO,NO,Social Interactions,Pre-Teens
523,1,3,Decreased,YES,Leisure and Entertainment,NO,NO,Travel and Exploration,Pre-Teens
524,3,4,Increased,NO,Leisure and Entertainment,NO,NO,Education,Young Adults
525,0.5,2,Increased,NO,Social Media,NO,YES,Social Interactions,Pre-Teens
526,0,3,Decreased,NO,Social Media,NO,YES,Travel and Exploration,Young Adults
527,0.5,3,Increased,NO,Reading books,YES,YES,Education,Young Adults
528,1,4,Remain Constant,NO,Leisure and Entertainment,YES,YES,Social Interactions,Young Adults
529,0,3,Decreased,NO,Leisure and Entertainment,YES,NO,Personal Exploration,Young Adults
530,4,3,Decreased,NO,Watching videos,YES,YES,Social Interactions,Young Adults
531,1,1,Increased,NO,Leisure and Entertainment,YES,YES,Education,Pre-Teens
532,0,3,Remain Constant,NO,Watching videos,NO,YES,Dining and Entertainment,Young Adults
533,1,2,Remain Constant,NO,Sleeping,YES,YES,Education,Pre-Teens
534,1,2,Remain Constant,NO,Reading books,YES,YES,Personal Exploration,Adults
535,2,2,Decreased,NO,Reading books,YES,YES,Social Interactions,Young Adults
536,2,3,Remain Constant,NO,Sleeping,NO,YES,Family and Social Interactions,Young Adults
537,0,3,Remain Constant,NO,Gaming,YES,YES,Education,Young Adults
538,2,3,Remain Constant,NO,Gaming,YES,YES,Social Interactions,Young Adults
539,2,3,Remain Constant,NO,Watching videos,NO,YES,Travel and Exploration,Pre-Teens
540,2,2,Increased,NO,Meditation,NO,YES,Education,Pre-Teens
541,1,2,Decreased,NO,Gaming,NO,YES,Social Interactions,Pre-Teens
542,0,2,Decreased,NO,Sleeping,NO,NO,Education,Young Adults
543,0,4,Remain Constant,NO,Leisure and Entertainment,YES,YES,Dining and Entertainment,Pre-Teens
544,0.5,3,Remain Constant,YES,Gaming,YES,NO,Education,Young Adults
545,0,4,Decreased,NO,Exercise,YES,YES,All Options,Pre-Teens
546,0,2,Increased,NO,Gaming,NO,YES,Social Interactions,Pre-Teens
547,0,3,Decreased,NO,Reading books,NO,YES,Education,Pre-Teens
548,1.5,3,Remain Constant,NO,Watching videos,NO,YES,Personal Routine,Young Adults
549,1,3,Increased,NO,Social Media,YES,NO,Education,Pre-Teens
550,1,4,Remain Constant,YES,Social Media,NO,YES,Social Interactions,Young Adults
551,2,5,Remain Constant,NO,Leisure and Entertainment,YES,YES,Social Interactions,Pre-Teens
552,1,3,Decreased,YES,Sleeping,NO,NO,Education,Young Adults
553,0,2,Remain Constant,NO,Gaming,NO,YES,Social Interactions,Young Adults
554,2,3,Remain Constant,NO,Leisure and Entertainment,NO,YES,Education,Pre-Teens
555,2,3,Increased,NO,Gaming,NO,NO,Social Interactions,Young Adults
556,0,3,Increased,NO,Watching videos,YES,YES,Travel and Exploration,Young Adults
557,0,4,Increased,NO,Watching videos,NO,YES,Personal Exploration,Pre-Teens
558,1,4,Remain Constant,NO,Reading books,NO,YES,Education,Young Adults
559,1,3,Decreased,NO,Leisure and Entertainment,YES,NO,Education,Pre-Teens
560,0,4,Decreased,YES,Sleeping,NO,NO,Dining and Entertainment,Pre-Teens
561,1,3,Increased,NO,Leisure and Entertainment,NO,NO,Education,Young Adults
562,1,4,Increased,NO,Watching videos,YES,YES,Personal Exploration,Young Adults
563,0,3,Remain Constant,NO,Communication with others,YES,YES,Dining and Entertainment,Young Adults
564,3,4,Remain Constant,NO,Meditation,NO,NO,Dining and Entertainment,Adults
565,6,3,Increased,NO,Meditation,NO,YES,Travel and Exploration,Pre-Teens
566,0,3,Increased,NO,Exercise,NO,YES,All Options,Pre-Teens
567,2,2,Remain Constant,NO,Social Media,NO,YES,Personal Exploration,Young Adults
568,2,4,Remain Constant,YES,Social Media,NO,YES,Social Interactions,Pre-Teens
569,2,4,Increased,NO,Sleeping,YES,NO,Education,Pre-Teens
570,1,2,Decreased,NO,Watching videos,NO,YES,Personal Exploration,Pre-Teens
571,0,2,Remain Constant,YES,Meditation,YES,YES,Personal Reflection,Pre-Teens
572,2,2,Increased,NO,Leisure and Entertainment,NO,YES,Dining and Entertainment,Young Adults
573,1,2,Increased,NO,Leisure and Entertainment,NO,NO,Personal Exploration,Young Adults
574,1,4,Remain Constant,NO,Leisure and Entertainment,YES,YES,Dining and Entertainment,Young Adults
575,2,4,Increased,NO,Gaming,NO,YES,Education,Children
576,1,2,Remain Constant,NO,Sleeping,YES,YES,Education,Children
577,0.3,2,Decreased,NO,Sleeping,YES,YES,Education,Pre-Teens
578,2,1,Remain Constant,NO,Reading books,YES,NO,Dining and Entertainment,Young Adults
579,2,3,Remain Constant,NO,Gaming,YES,NO,Education,Pre-Teens
580,0,1,Increased,NO,Social Media,NO,YES,Personal Reflection,Young Adults
581,0,1,Decreased,NO,Communication with others,YES,YES,Personal Exploration,Young Adults
582,6,3,Remain Constant,NO,Communication with others,YES,YES,All Options,Pre-Teens
583,0,4,Increased,NO,Leisure and Entertainment,YES,YES,Travel and Exploration,Young Adults
584,0,3,Remain Constant,NO,Reading books,NO,YES,Dining and Entertainment,Adults
585,2,2,Decreased,NO,Leisure and Entertainment,YES,YES,Social Interactions,Pre-Teens
586,0,3,Remain Constant,NO,Sports and games,YES,YES,Education,Young Adults
587,1,3,Remain Constant,NO,Leisure and Entertainment,NO,NO,Travel and Exploration,Middle-Aged Adults
588,0,3,Remain Constant,NO,Gaming,YES,NO,Social Interactions,Pre-Teens
589,3,2,Remain Constant,NO,Communication with others,YES,YES,Dining and Entertainment,Young Adults
590,0,3,Decreased,YES,Reading books,YES,YES,Social Interactions,Young Adults
591,4,2,Remain Constant,NO,Gaming,YES,YES,Education,Pre-Teens
592,3,4,Remain Constant,NO,Gaming,NO,YES,Education,Pre-Teens
593,1,4,Increased,NO,Gaming,YES,YES,Education,Young Adults
594,0,3,Increased,YES,Sleeping,YES,YES,Social Interactions,Adults
595,0,3,Increased,YES,Social Media,NO,YES,Personal Exploration,Adults
596,2,2,Remain Constant,NO,Gaming,YES,YES,Education,Pre-Teens
597,1,2,Decreased,NO,Gaming,NO,NO,Education,Pre-Teens
598,0,4,Remain Constant,NO,Reading books,YES,YES,Social Interactions,Middle-Aged Adults
599,2,2,Decreased,YES,Social Media,YES,NO,Social Interactions,Young Adults
600,1,3,Increased,YES,Leisure and Entertainment,NO,NO,Dining and Entertainment,Young Adults
601,1,3,Decreased,NO,Social Media,NO,NO,Social Interactions,Young Adults
602,0,3,Remain Constant,NO,Leisure and Entertainment,YES,YES,Personal Exploration,Young Adults
603,0,1,Increased,NO,Reading books,NO,NO,Social Interactions,Pre-Teens
604,0.5,2,Increased,NO,Social Media,YES,NO,Social Interactions,Pre-Teens
605,0,3,Decreased,YES,Leisure and Entertainment,NO,YES,Education,Pre-Teens
606,1,2,Increased,NO,Watching videos,YES,YES,Social Interactions,Pre-Teens
607,0,3,Decreased,NO,Gaming,NO,YES,Travel and Exploration,Young Adults
608,0,2,Increased,NO,Gaming,YES,YES,Education,Young Adults
609,2,2,Increased,NO,Gaming,NO,YES,Education,Pre-Teens
610,0,2,Increased,NO,Watching videos,NO,YES,Social Interactions,Young Adults
611,2,1,Increased,NO,Sleeping,YES,YES,Education,Pre-Teens
612,5,3,Increased,NO,Gaming,NO,YES,Education,Young Adults
613,2,3,Increased,YES,Watching videos,NO,NO,Education,Young Adults
614,1,3,Remain Constant,YES,Social Media,NO,YES,Social Interactions,Young Adults
615,2,4,Remain Constant,NO,Reading books,YES,YES,Education,Young Adults
616,0,4,Remain Constant,NO,Leisure and Entertainment,NO,NO,Travel and Exploration,Young Adults
617,6,1,Increased,YES,Leisure and Entertainment,YES,YES,Social Interactions,Pre-Teens
618,2,2,Increased,NO,Exercise,YES,YES,Travel and Exploration,Adults
619,2,2,Remain Constant,NO,Leisure and Entertainment,NO,NO,Social Interactions,Adults
620,1.5,3,Remain Constant,NO,Reading books,NO,NO,Personal Exploration,Young Adults
621,1,3,Remain Constant,YES,Meditation,YES,NO,Education,Young Adults
622,1,3,Increased,NO,Watching videos,NO,YES,Education,Pre-Teens
623,3,2,Decreased,YES,Reading books,YES,YES,Social Interactions,Pre-Teens
624,1,3,Remain Constant,NO,Leisure and Entertainment,NO,NO,Education,Adults
625,2,3,Remain Constant,NO,Watching videos,NO,YES,Education,Young Adults
626,0,3,Remain Constant,NO,Leisure and Entertainment,YES,YES,Travel and Exploration,Young Adults
627,0,2,Remain Constant,NO,Gaming,NO,NO,Dining and Entertainment,Young Adults
628,1,4,Increased,NO,Reading books,NO,YES,Education,Pre-Teens
629,2,2,Remain Constant,NO,Gaming,YES,YES,Education,Pre-Teens
630,1,3,Remain Constant,NO,Communication with others,YES,YES,Travel and Exploration,Adults
631,1,2,Remain Constant,NO,Sleeping,YES,YES,Travel and Exploration,Adults
632,1,3,Increased,NO,Leisure and Entertainment,NO,YES,Education,Young Adults
633,1,3,Increased,NO,Social Media,NO,NO,Personal Reflection,Young Adults
634,1,1,Decreased,NO,Reading books,YES,NO,Education,Pre-Teens
635,1,3,Remain Constant,NO,Leisure and Entertainment,NO,YES,Education,Pre-Teens
636,1,3,Increased,NO,Communication with others,YES,YES,Social Interactions,Adults
637,1,2,Decreased,NO,Social Media,YES,YES,Social Interactions,Young Adults
638,1,3,Increased,NO,Exercise,YES,YES,Education,Pre-Teens
639,1,3,Increased,NO,Exercise,YES,YES,Education,Pre-Teens
640,1,3,Increased,NO,Exercise,YES,YES,Education,Pre-Teens
641,1,2,Remain Constant,NO,Watching videos,YES,YES,Personal Exploration,Adults
642,0,2,Increased,NO,Gaming,NO,NO,Personal Exploration,Pre-Teens
643,0,3,Remain Constant,NO,Watching videos,NO,NO,Personal Exploration,Young Adults
644,0,3,Increased,NO,Gaming,YES,YES,Travel and Exploration,Young Adults
645,4,3,Increased,NO,Leisure and Entertainment,NO,YES,Education,Pre-Teens
646,0,3,Remain Constant,NO,Exercise,NO,YES,Education,Pre-Teens
647,6,3,Decreased,NO,Watching videos,NO,NO,Travel and Exploration,Pre-Teens
648,0,3,Decreased,YES,Exercise,NO,YES,Personal Exploration,Young Adults
649,0,3,Increased,NO,Reading books,YES,YES,Education,Pre-Teens
650,2,4,Increased,YES,Meditation,NO,NO,Travel and Exploration,Young Adults
651,0,2,Decreased,YES,Leisure and Entertainment,YES,YES,Travel and Exploration,Pre-Teens
652,0,4,Increased,NO,Social Media,NO,NO,Social Interactions,Young Adults
653,0,3,Remain Constant,NO,Gaming,NO,NO,Travel and Exploration,Young Adults
654,2,4,Remain Constant,NO,Sleeping,NO,YES,Social Interactions,Young Adults
655,0.5,3,Remain Constant,NO,Social Media,NO,YES,Education,Young Adults
656,0,5,Increased,NO,Exercise,YES,YES,Personal Exploration,Young Adults
657,2,4,Increased,YES,Watching videos,NO,NO,Social Interactions,Young Adults
658,1,4,Increased,NO,Gaming,NO,YES,Social Interactions,Young Adults
659,0.5,3,Decreased,NO,Gaming,NO,YES,Personal Exploration,Young Adults
660,0,3,Remain Constant,NO,Communication with others,YES,YES,Personal Exploration,Adults
661,0,3,Remain Constant,NO,Gaming,NO,NO,Social Interactions,Young Adults
662,0,2,Decreased,NO,Exercise,YES,NO,Social Interactions,Young Adults
663,3,3,Increased,NO,Gaming,YES,YES,Social Interactions,Young Adults
664,0,3,Remain Constant,NO,Social Media,NO,NO,Personal Exploration,Young Adults
665,1,3,Remain Constant,NO,Gaming,YES,YES,Travel and Exploration,Pre-Teens
666,0.5,3,Remain Constant,YES,Watching videos,NO,NO,Social Interactions,Young Adults
667,0,2,Remain Constant,NO,Gaming,NO,NO,Personal Exploration,Young Adults
668,0,3,Remain Constant,NO,Leisure and Entertainment,YES,NO,Personal Exploration,Young Adults
669,1,3,Decreased,NO,Gaming,YES,YES,Travel and Exploration,Young Adults
670,0,4,Remain Constant,NO,Social Media,YES,NO,Personal Exploration,Young Adults
671,0,4,Decreased,YES,Leisure and Entertainment,NO,NO,Travel and Exploration,Young Adults
672,0,3,Increased,NO,Gaming,NO,YES,Dining and Entertainment,Young Adults
673,0,3,Increased,NO,Gaming,NO,YES,Social Interactions,Young Adults
674,1,2,Remain Constant,NO,Gaming,YES,YES,Education,Young Adults
675,1,4,Increased,NO,Gaming,NO,NO,Dining and Entertainment,Pre-Teens
676,0,2,Remain Constant,NO,Gaming,NO,NO,Dining and Entertainment,Pre-Teens
677,2,4,Decreased,NO,Meditation,NO,YES,Social Interactions,Young Adults
678,0,4,Remain Constant,YES,Leisure and Entertainment,YES,YES,Education,Pre-Teens
679,0,3,Increased,NO,Leisure and Entertainment,NO,NO,Social Interactions,Young Adults
680,0,3,Remain Constant,NO,Gaming,YES,NO,Dining and Entertainment,Young Adults
681,0.5,3,Decreased,NO,Leisure and Entertainment,YES,YES,Education,Young Adults
682,1,3,Increased,NO,Unable to reduce stress,YES,YES,All Options,Young Adults
683,0,3,Remain Constant,NO,Leisure and Entertainment,YES,YES,Education,Young Adults
684,0.5,3,Increased,YES,Exercise,YES,YES,Education,Young Adults
685,2,3,Increased,NO,Sleeping,NO,NO,Personal Exploration,Young Adults
686,2,3,Remain Constant,NO,Leisure and Entertainment,YES,YES,All Options,Young Adults
687,1,3,Decreased,NO,Gaming,NO,YES,Personal Reflection,Young Adults
688,0,8,Increased,NO,Watching videos,YES,YES,Personal Exploration,Young Adults
689,0,3,Decreased,NO,Gaming,NO,NO,Personal Exploration,Pre-Teens
690,2,3,Remain Constant,NO,Gaming,YES,YES,Sports and Activities,Young Adults
691,0,3,Increased,YES,Watching videos,NO,NO,Personal Exploration,Young Adults
692,0,3,Remain Constant,NO,Reading books,NO,YES,Social Interactions,Pre-Teens
693,0,6,Increased,NO,Leisure and Entertainment,YES,YES,Travel and Exploration,Young Adults
694,1,2,Decreased,NO,Leisure and Entertainment,YES,YES,Social Interactions,Pre-Teens
695,0.5,4,Remain Constant,NO,Leisure and Entertainment,YES,YES,Social Interactions,Pre-Teens
696,1,3,Remain Constant,NO,Leisure and Entertainment,YES,NO,Personal Exploration,Young Adults
697,0,2,Decreased,NO,Leisure and Entertainment,YES,YES,Education,Pre-Teens
698,0,3,Remain Constant,YES,Leisure and Entertainment,YES,NO,Education,Young Adults
699,3,3,Increased,NO,Gaming,NO,YES,Personal Exploration,Pre-Teens
700,2,3,Remain Constant,NO,Leisure and Entertainment,YES,YES,Travel and Exploration,Pre-Teens
701,1,3,Remain Constant,YES,Reading books,YES,YES,Education,Pre-Teens
702,0,4,Remain Constant,NO,Sleeping,YES,NO,Dining and Entertainment,Pre-Teens
703,1,3,Decreased,NO,Watching videos,YES,YES,Social Interactions,Pre-Teens
704,2,3,Increased,NO,Watching videos,NO,NO,Travel and Exploration,Young Adults
705,1,3,Increased,NO,Watching videos,YES,YES,Social Interactions,Young Adults
706,0,3,Increased,NO,Gaming,NO,YES,Social Interactions,Pre-Teens
707,1,4,Increased,NO,Watching videos,NO,YES,Education,Pre-Teens
708,2,2,Decreased,NO,Reading books,NO,NO,Personal Exploration,Young Adults
709,0,3,Increased,NO,Leisure and Entertainment,NO,NO,Social Interactions,Pre-Teens
710,2,2,Increased,NO,Leisure and Entertainment,NO,NO,Social Interactions,Young Adults
711,1,2,Remain Constant,NO,Sleeping,NO,NO,Education,Pre-Teens
712,1.5,2,Decreased,YES,Leisure and Entertainment,NO,YES,Travel and Exploration,Young Adults
713,0.75,4,Increased,NO,Sleeping,NO,NO,Education,Young Adults
714,1,4,Increased,NO,Social Media,NO,YES,Social Interactions,Pre-Teens
715,2,3,Increased,NO,Gaming,YES,YES,Personal Exploration,Adults
716,1,4,Increased,NO,Communication with others,YES,YES,Education,Pre-Teens
717,2,4,Remain Constant,NO,Communication with others,NO,YES,Dining and Entertainment,Pre-Teens
718,0,2,Increased,NO,Leisure and Entertainment,NO,YES,Social Interactions,Pre-Teens
719,0.5,2,Decreased,YES,Leisure and Entertainment,YES,YES,Sports and Activities,Young Adults
720,0.5,1,Increased,YES,Leisure and Entertainment,YES,YES,Travel and Exploration,Young Adults
721,0,3,Increased,NO,Leisure and Entertainment,YES,YES,Travel and Exploration,Young Adults
722,0,2,Remain Constant,NO,Reading books,NO,YES,Personal Reflection,Young Adults
723,1,3,Increased,NO,Sleeping,NO,NO,Travel and Exploration,Young Adults
725,3,3,Increased,NO,Gaming,YES,YES,Education,Pre-Teens
726,2,3,Remain Constant,NO,Sleeping,YES,YES,Social Interactions,Pre-Teens
727,1,3,Remain Constant,NO,Meditation,YES,YES,Travel and Exploration,Pre-Teens
728,1,2,Decreased,NO,Gaming,YES,YES,Personal Reflection,Young Adults
729,1,3,Remain Constant,NO,Watching videos,YES,NO,Dining and Entertainment,Young Adults
730,1,3,Decreased,NO,Gaming,YES,YES,Personal Exploration,Young Adults
731,1,3,Increased,YES,Exercise,NO,YES,Dining and Entertainment,Young Adults
732,2,4,Decreased,NO,Reading books,NO,YES,Travel and Exploration,Young Adults
733,0,2,Remain Constant,NO,Meditation,NO,YES,Travel and Exploration,Pre-Teens
734,0,2,Increased,NO,Gaming,NO,YES,Dining and Entertainment,Young Adults
735,0.5,2,Increased,NO,Leisure and Entertainment,YES,NO,Travel and Exploration,Pre-Teens
736,0,3,Remain Constant,NO,Sleeping,NO,NO,Social Interactions,Young Adults
737,1,3,Increased,NO,Gaming,NO,YES,Dining and Entertainment,Young Adults
738,2,3,Remain Constant,NO,Reading books,NO,YES,Education,Young Adults
739,2,3,Remain Constant,NO,Communication with others,NO,YES,Education,Young Adults
740,0,3,Increased,NO,Leisure and Entertainment,YES,YES,Education,Young Adults
741,0,2,Decreased,NO,Watching videos,NO,YES,Travel and Exploration,Young Adults
742,1,3,Increased,NO,Reading books,YES,YES,Travel and Exploration,Young Adults
743,0,2,Remain Constant,NO,Reading books,YES,YES,Dining and Entertainment,Young Adults
744,1,4,Increased,NO,Social Media,NO,YES,Travel and Exploration,Young Adults
745,1,3,Remain Constant,NO,Leisure and Entertainment,NO,NO,Social Interactions,Pre-Teens
746,0,2,Remain Constant,NO,Watching videos,NO,YES,Education,Young Adults
747,4,3,Remain Constant,NO,Sleeping,YES,YES,Social Interactions,Young Adults
748,0,4,Increased,NO,Watching videos,YES,YES,Travel and Exploration,Young Adults
749,0,4,Decreased,YES,Exercise,YES,NO,Personal Exploration,Pre-Teens
750,0,3,Remain Constant,NO,Meditation,YES,YES,Social Interactions,Young Adults
751,0,3,Decreased,YES,No stress,NO,YES,Personal Reflection,Young Adults
752,0,3,Increased,NO,Exercise,NO,YES,Dining and Entertainment,Young Adults
753,0,3,Remain Constant,NO,Sleeping,YES,YES,Travel and Exploration,Young Adults
754,0,4,Remain Constant,NO,Gaming,YES,NO,Education,Pre-Teens
755,0,3,Remain Constant,NO,Leisure and Entertainment,YES,YES,Social Interactions,Young Adults
756,1,3,Increased,YES,Leisure and Entertainment,NO,NO,Personal Exploration,Young Adults
757,1,2,Increased,NO,Meditation,NO,YES,Social Interactions,Young Adults
758,0,4,Decreased,YES,Gaming,YES,YES,Social Interactions,Pre-Teens
759,0,3,Increased,NO,Reading books,NO,YES,Travel and Exploration,Young Adults
760,0,3,Remain Constant,NO,Watching videos,NO,NO,Education,Young Adults
761,3,3,Increased,NO,Sleeping,NO,YES,Education,Pre-Teens
762,0,3,Increased,YES,Reading books,NO,YES,Education,Young Adults
763,0,2,Decreased,NO,Watching videos,YES,YES,Education,Young Adults
764,0,4,Increased,NO,Watching videos,NO,NO,Dining and Entertainment,Young Adults
765,2,3,Remain Constant,NO,Unable to reduce stress,NO,YES,Travel and Exploration,Adults
766,0,3,Increased,NO,Social Media,NO,YES,Education,Young Adults
767,2,2,Remain Constant,NO,Communication with others,YES,YES,Travel and Exploration,Adults
768,0,3,Decreased,NO,Watching videos,YES,YES,Education,Pre-Teens
769,0,2,Remain Constant,NO,Watching videos,NO,NO,Education,Pre-Teens
770,2,4,Remain Constant,NO,Leisure and Entertainment,YES,YES,Social Interactions,Young Adults
771,1,4,Increased,NO,Leisure and Entertainment,NO,YES,Social Interactions,Young Adults
772,1,4,Remain Constant,NO,Leisure and Entertainment,YES,YES,Social Interactions,Children
773,2.5,3,Remain Constant,NO,Sleeping,NO,YES,All Options,Young Adults
774,2,3,Remain Constant,NO,Exercise,YES,YES,Education,Young Adults
775,2,3,Increased,NO,Watching videos,NO,NO,Personal Exploration,Adults
776,2,4,Remain Constant,NO,Watching videos,YES,YES,Social Interactions,Young Adults
777,0,4,Increased,NO,Leisure and Entertainment,NO,YES,Social Interactions,Young Adults
778,0,2,Remain Constant,YES,Leisure and Entertainment,YES,YES,Social Interactions,Young Adults
779,1,2,Remain Constant,NO,Gaming,YES,YES,Social Interactions,Adults
780,2,3,Remain Constant,NO,Work,YES,YES,All Options,Young Adults
781,0.5,2,Decreased,NO,Leisure and Entertainment,NO,YES,Personal Exploration,Pre-Teens
782,0,2,Decreased,NO,Watching videos,NO,NO,Personal Exploration,Young Adults
783,0,2,Remain Constant,YES,Social Media,NO,YES,Travel and Social Interactions,Young Adults
784,1,3,Remain Constant,NO,Sleeping,NO,NO,Education,Adults
785,1,4,Increased,NO,Watching videos,NO,YES,Education,Adults
786,1,3,Remain Constant,NO,Gaming,YES,YES,Education,Pre-Teens
787,0,2,Increased,NO,Leisure and Entertainment,NO,NO,Dining and Entertainment,Pre-Teens
788,1,3,Remain Constant,NO,Gaming,YES,YES,Personal Exploration,Adults
789,0,3,Increased,NO,Reading books,NO,NO,Dining and Entertainment,Pre-Teens
790,0,4,Remain Constant,NO,Exercise,NO,YES,Education,Adults
791,4,3,Remain Constant,YES,Meditation,YES,YES,Social Interactions,Young Adults
792,0.5,3,Increased,YES,Communication with others,NO,YES,Social Interactions,Pre-Teens
793,1,3,Remain Constant,NO,Leisure and Entertainment,NO,YES,Education,Pre-Teens
794,0,2,Increased,NO,Communication with others,YES,YES,Travel and Exploration,Adults
795,0,2,Increased,NO,Social Media,NO,NO,Education,Young Adults
796,1,4,Increased,NO,Social Media,YES,NO,Social Interactions,Young Adults
797,0,3,Remain Constant,NO,Work,YES,NO,Personal Exploration,Young Adults
798,1,3,Increased,NO,Watching videos,NO,YES,Social Interactions,Adults
799,5,3,Remain Constant,NO,Leisure and Entertainment,NO,YES,Personal Exploration,Young Adults
800,0,2,Increased,NO,Watching videos,NO,YES,Social Interactions,Young Adults
801,0,4,Increased,NO,Leisure and Entertainment,YES,YES,Personal Exploration,Young Adults
802,2,4,Remain Constant,NO,Gaming,NO,YES,Travel and Exploration,Young Adults
803,0,4,Remain Constant,YES,Leisure and Entertainment,NO,NO,Travel and Exploration,Young Adults
804,2,3,Increased,NO,Sleeping,NO,YES,Education,Pre-Teens
805,1,3,Increased,NO,Gaming,NO,YES,Travel and Exploration,Young Adults
806,4,2,Remain Constant,NO,Leisure and Entertainment,NO,YES,Education,Young Adults
807,6,3,Remain Constant,NO,Social Media,YES,YES,Personal Exploration,Adults
808,2,2,Increased,YES,Meditation,NO,YES,Education,Young Adults
809,3,2,Remain Constant,NO,Leisure and Entertainment,YES,YES,Social Interactions,Young Adults
810,1,2,Remain Constant,NO,Leisure and Entertainment,YES,NO,Personal Reflection,Young Adults
811,2,3,Increased,NO,Social Media,YES,YES,Travel and Exploration,Adults
812,2,2,Decreased,NO,Leisure and Entertainment,NO,YES,Education,Adults
813,1,2,Remain Constant,NO,Gaming,YES,NO,Social Interactions,Young Adults
814,2,2,Remain Constant,NO,Leisure and Entertainment,NO,NO,Travel and Exploration,Young Adults
815,3,3,Remain Constant,NO,Leisure and Entertainment,NO,NO,Education,Pre-Teens
816,0,2,Decreased,NO,Social Media,NO,NO,Personal Exploration,Young Adults
817,1,1,Decreased,YES,Gaming,NO,NO,Personal Exploration,Young Adults
818,1,4,Remain Constant,NO,Social Media,YES,YES,Social Interactions,Young Adults
819,0,4,Remain Constant,NO,Reading books,YES,YES,Social Interactions,Young Adults
820,0,2,Decreased,YES,Social Media,NO,NO,Education,Young Adults
821,0,2,Increased,YES,Leisure and Entertainment,NO,NO,Education,Young Adults
822,0,3,Increased,NO,Watching videos,NO,NO,Dining and Entertainment,Young Adults
823,2,4,Remain Constant,NO,Watching videos,YES,YES,All Options,Young Adults
824,0,4,Remain Constant,NO,Gaming,YES,NO,Dining and Entertainment,Young Adults
825,2,3,Increased,NO,Meditation,YES,YES,Social Interactions,Young Adults
826,0,3,Remain Constant,NO,Meditation,YES,YES,Social Interactions,Young Adults
827,0,3,Remain Constant,NO,Meditation,YES,NO,Social Interactions,Young Adults
828,0,3,Increased,YES,Gaming,YES,YES,Dining and Entertainment,Young Adults
829,2,3,Decreased,NO,Leisure and Entertainment,YES,NO,Education,Adults
830,1,3,Increased,NO,Leisure and Entertainment,NO,NO,Education,Young Adults
831,0,3,Remain Constant,NO,Social Media,NO,YES,Education,Young Adults
832,0,3,Remain Constant,NO,Gaming,YES,YES,Education,Pre-Teens
833,4,2,Remain Constant,NO,Gaming,NO,NO,All Options,Young Adults
834,0.5,3,Remain Constant,NO,Watching videos,YES,YES,Social Interactions,Young Adults
835,1,3,Increased,NO,Sleeping,YES,YES,Social Interactions,Adults
836,1,3,Remain Constant,NO,Communication with others,YES,YES,Travel and Exploration,Young Adults
837,0.5,3,Increased,NO,Reading books,NO,YES,Education,Adults
838,0,2,Remain Constant,NO,Sleeping,YES,YES,Family,Young Adults
839,1,3,Remain Constant,NO,Leisure and Entertainment,NO,YES,Personal Exploration,Young Adults
840,1,3,Decreased,NO,Gaming,YES,YES,Dining and Entertainment,Young Adults
841,0.5,2,Remain Constant,NO,Leisure and Entertainment,NO,YES,Social Interactions,Young Adults
842,0,3,Increased,NO,Leisure and Entertainment,NO,NO,Education,Young Adults
843,2,3,Remain Constant,NO,Sleeping,YES,YES,Travel and Exploration,Adults
844,0.5,4,Decreased,YES,Watching videos,NO,NO,Travel and Exploration,Young Adults
845,1,3,Increased,NO,Social Media,NO,YES,Social Interactions,Young Adults
846,1,3,Increased,NO,Gaming,YES,YES,Social Interactions,Young Adults
847,3,3,Decreased,NO,Leisure and Entertainment,NO,YES,Dining and Entertainment,Young Adults
848,2,1,Remain Constant,NO,Gaming,NO,NO,Education,Young Adults
849,2,3,Increased,NO,Leisure and Entertainment,YES,YES,Education,Young Adults
850,1,3,Remain Constant,NO,Leisure and Entertainment,NO,NO,Sports and Activities,Young Adults
851,0,3,Increased,NO,Leisure and Entertainment,NO,YES,Personal Exploration,Young Adults
852,0,2,Remain Constant,NO,Leisure and Entertainment,NO,YES,Education,Young Adults
853,0,4,Increased,NO,Social Media,YES,YES,Dining and Entertainment,Young Adults
854,0,2,Decreased,NO,Gaming,NO,YES,Social Interactions,Young Adults
855,1,3,Increased,NO,Leisure and Entertainment,NO,YES,Education,Young Adults
856,0,3,Remain Constant,YES,Gaming,NO,YES,Travel and Exploration,Adults
857,0,2,Remain Constant,NO,Leisure and Entertainment,NO,NO,Education,Young Adults
858,3,2,Remain Constant,NO,Exercise,YES,YES,Travel and Exploration,Young Adults
859,1,4,Decreased,NO,Meditation,YES,NO,Social Interactions,Young Adults
860,1,2,Remain Constant,NO,Leisure and Entertainment,YES,YES,Travel and Exploration,Adults
861,0,3,Remain Constant,NO,Leisure and Entertainment,NO,YES,Education,Young Adults
862,0,4,Increased,NO,Leisure and Entertainment,YES,YES,Education,Adults
863,1,3,Increased,YES,Exercise,NO,NO,Social Interactions,Pre-Teens
864,0,3,Decreased,NO,Leisure and Entertainment,YES,YES,Education,Young Adults
865,1,4,Remain Constant,NO,Leisure and Entertainment,NO,NO,Social Interactions,Pre-Teens
866,1,2,Increased,NO,Meditation,YES,YES,Travel and Exploration,Young Adults
867,0,3,Remain Constant,NO,Sleeping,YES,YES,Education,Young Adults
868,1,3,Increased,NO,Watching videos,NO,YES,Travel and Exploration,Pre-Teens
869,1,2,Decreased,YES,Watching videos,NO,YES,Social Interactions,Young Adults
870,1,3,Remain Constant,NO,Gaming,YES,YES,Travel and Exploration,Young Adults
871,0.5,4,Remain Constant,NO,Reading books,NO,NO,Social Interactions,Pre-Teens
872,2,3,Remain Constant,NO,Leisure and Entertainment,NO,NO,All Options,Young Adults
873,0.5,3,Remain Constant,NO,Leisure and Entertainment,NO,YES,Personal Exploration,Young Adults
874,1,2,Remain Constant,NO,Reading books,YES,YES,Travel and Exploration,Adults
875,0,3,Remain Constant,NO,Meditation,NO,NO,Dining and Entertainment,Young Adults
876,0,2,Decreased,NO,Communication with others,YES,YES,Travel and Exploration,Adults
877,0.5,4,Increased,NO,Sleeping,NO,NO,Education,Young Adults
878,1,2,Decreased,NO,Leisure and Entertainment,YES,YES,Travel and Exploration,Young Adults
879,1,3,Remain Constant,NO,Reading books,YES,YES,Travel and Exploration,Young Adults
880,0,2,Decreased,NO,Social Media,NO,NO,Social Interactions,Pre-Teens
881,1.5,4,Decreased,YES,Social Media,NO,NO,Education,Young Adults
882,2,3,Increased,YES,Leisure and Entertainment,NO,NO,Personal Exploration,Young Adults
883,0,3,Decreased,NO,Gaming,NO,YES,Travel and Exploration,Pre-Teens
884,1,3,Remain Constant,NO,Sleeping,YES,YES,Personal Exploration,Young Adults
885,1,3,Increased,NO,Sleeping,NO,YES,Education,Pre-Teens
886,0,3,Decreased,YES,Watching videos,NO,YES,Personal Exploration,Young Adults
887,5,4,Increased,NO,Leisure and Entertainment,NO,YES,Personal Exploration,Young Adults
888,1,1,Remain Constant,NO,Leisure and Entertainment,NO,NO,Social Interactions,Adults
889,0,1,Increased,NO,Gaming,NO,YES,Travel and Exploration,Pre-Teens
890,0,3,Remain Constant,NO,Sleeping,NO,NO,Personal Exploration,Pre-Teens
891,0,3,Remain Constant,NO,Sleeping,YES,YES,Education,Young Adults
892,2,3,Decreased,NO,Gaming,NO,YES,Travel and Exploration,Young Adults
893,0,3,Increased,NO,Social Media,YES,YES,Dining and Entertainment,Pre-Teens
894,2,3,Increased,NO,Leisure and Entertainment,YES,YES,Travel and Exploration,Young Adults
895,4,2,Decreased,YES,Sleeping,NO,YES,Personal Exploration,Adults
896,2,3,Remain Constant,NO,Leisure and Entertainment,NO,NO,Education,Young Adults
897,1,3,Remain Constant,NO,Watching videos,NO,NO,All Options,Young Adults
898,6,3,Decreased,YES,Social Media,NO,YES,Social Interactions,Young Adults
899,0,1,Remain Constant,NO,Social Media,NO,NO,Sports and Activities,Young Adults
900,1,4,Decreased,NO,Leisure and Entertainment,YES,YES,Social Interactions,Young Adults
901,2,2,Remain Constant,NO,Watching videos,YES,YES,Dining and Entertainment,Young Adults
902,0.3,3,Decreased,NO,Gaming,YES,YES,Travel and Exploration,Young Adults
903,2,2,Remain Constant,NO,Exercise,NO,NO,Education,Young Adults
904,2,2,Increased,NO,Reading books,NO,YES,Personal Exploration,Young Adults
905,1,3,Remain Constant,NO,Exercise,NO,YES,Social Interactions,Pre-Teens
906,0,3,Remain Constant,NO,Social Media,YES,YES,Education,Pre-Teens
907,0.5,3,Remain Constant,NO,Leisure and Entertainment,NO,YES,Social Interactions,Adults
908,1,3,Remain Constant,NO,Meditation,NO,YES,Education,Young Adults
909,1,3,Increased,NO,Leisure and Entertainment,NO,YES,Personal Exploration,Pre-Teens
910,2,4,Remain Constant,NO,Gaming,YES,YES,Personal Exploration,Young Adults
911,0.5,3,Increased,NO,Leisure and Entertainment,YES,NO,Education,Young Adults
912,1,4,Increased,NO,Gaming,YES,YES,All Options,Children
913,4,3,Increased,NO,Gaming,YES,YES,Social Interactions,Pre-Teens
914,0,4,Remain Constant,NO,Gaming,YES,YES,Dining and Entertainment,Children
915,2,3,Decreased,NO,Gaming,YES,YES,Personal Exploration,Young Adults
916,0,4,Remain Constant,NO,Gaming,NO,YES,Social Interactions,Pre-Teens
917,0,3,Increased,NO,Leisure and Entertainment,NO,NO,Education,Young Adults
918,2,4,Decreased,NO,Leisure and Entertainment,NO,YES,Education,Pre-Teens
919,1,3,Increased,NO,Social Media,YES,YES,Education,Young Adults
920,1,3,Remain Constant,NO,Leisure and Entertainment,YES,YES,Education,Adults
921,0,2,Remain Constant,NO,Gaming,YES,YES,Social Interactions,Pre-Teens
922,0,1,Remain Constant,NO,Leisure and Entertainment,YES,YES,Travel and Exploration,Adults
923,3,2,Remain Constant,NO,Leisure and Entertainment,NO,YES,Education,Young Adults
924,1,3,Remain Constant,NO,Leisure and Entertainment,YES,NO,Education,Pre-Teens
925,0,2,Increased,YES,Leisure and Entertainment,YES,YES,Travel and Exploration,Pre-Teens
926,0,3,Increased,NO,Leisure and Entertainment,YES,YES,Dining and Entertainment,Young Adults
927,1,3,Increased,NO,Reading books,YES,YES,Education,Young Adults
928,1,3,Remain Constant,YES,Leisure and Entertainment,NO,YES,Education,Young Adults
929,0,2,Increased,YES,Watching videos,YES,YES,Travel and Exploration,Young Adults
930,2,3,Remain Constant,NO,Exercise,YES,YES,Travel and Exploration,Young Adults
931,2,3,Remain Constant,NO,Leisure and Entertainment,YES,YES,Education,Adults
932,0,3,Remain Constant,NO,Watching videos,NO,YES,Personal Reflection,Pre-Teens
933,3,4,Remain Constant,NO,Leisure and Entertainment,NO,YES,Dining and Entertainment,Pre-Teens
934,2,4,Increased,NO,Reading books,YES,YES,Personal Exploration,Young Adults
935,0,2,Remain Constant,NO,Gaming,NO,YES,Social Interactions,Young Adults
936,1,3,Increased,NO,Leisure and Entertainment,NO,YES,Dining and Entertainment,Young Adults
937,1,4,Increased,NO,Exercise,NO,YES,Travel and Exploration,Young Adults
938,0,3,Remain Constant,YES,Leisure and Entertainment,NO,YES,Travel and Exploration,Young Adults
939,3.5,1,Remain Constant,NO,Watching videos,YES,YES,Education,Pre-Teens
940,0,3,Increased,NO,Communication with others,YES,YES,Education,Young Adults
941,2,2,Decreased,YES,Gaming,NO,NO,Dining and Entertainment,Pre-Teens
942,1,3,Decreased,NO,Watching videos,YES,YES,Travel and Exploration,Young Adults
943,1,3,Decreased,NO,Reading books,YES,YES,Social Interactions,Young Adults
944,2.5,3,Increased,NO,Gaming,NO,YES,All Options,Pre-Teens
945,1,4,Remain Constant,NO,Watching videos,NO,YES,Social Interactions,Pre-Teens
946,1,3,Increased,NO,Gaming,NO,YES,Education,Young Adults
947,3,3,Increased,NO,Leisure and Entertainment,NO,YES,Travel and Exploration,Young Adults
948,0.5,2,Remain Constant,NO,Meditation,NO,YES,Travel and Exploration,Adults
949,0,3,Remain Constant,NO,Sleeping,YES,YES,Education,Children
950,0,4,Increased,NO,Sleeping,YES,YES,Social Interactions,Young Adults
951,0,3,Decreased,NO,Meditation,YES,YES,Social Interactions,Young Adults
952,2,2,Remain Constant,NO,Gaming,NO,YES,Dining and Entertainment,Young Adults
953,0,7,Increased,NO,Gaming,NO,YES,Personal Exploration,Pre-Teens
954,0,2,Decreased,YES,Gaming,NO,NO,Travel and Exploration,Young Adults
955,1,3,Increased,NO,Social Media,NO,NO,Personal Exploration,Adults
956,0,2,Remain Constant,NO,Reading books,YES,NO,Social Interactions,Young Adults
957,0.5,4,Increased,NO,Social Media,YES,YES,Social Interactions,Young Adults
958,2,3,Increased,NO,Gaming,YES,YES,Social Interactions,Children
959,0,3,Increased,NO,Leisure and Entertainment,NO,YES,Travel and Exploration,Young Adults
960,0,2,Remain Constant,NO,Leisure and Entertainment,YES,NO,Education,Young Adults
961,0,3,Remain Constant,YES,Social Media,NO,NO,Dining and Entertainment,Young Adults
962,2,2,Remain Constant,YES,Leisure and Entertainment,NO,NO,Education,Young Adults
963,2,3,Remain Constant,NO,Gaming,YES,YES,Travel and Exploration,Young Adults
964,0,2,Remain Constant,NO,Reading books,YES,YES,Social Interactions,Pre-Teens
965,0,4,Remain Constant,YES,Leisure and Entertainment,NO,NO,Education,Young Adults
966,1,2,Remain Constant,NO,Social Media,YES,NO,Education,Young Adults
967,0.3,3,Remain Constant,NO,Exercise,NO,YES,Education,Pre-Teens
968,0,3,Decreased,NO,Sleeping,NO,NO,Personal Exploration,Young Adults
969,1,3,Increased,NO,Watching videos,NO,NO,Education,Pre-Teens
970,4,4,Increased,NO,Leisure and Entertainment,YES,YES,Social Interactions,Pre-Teens
971,0,3,Remain Constant,NO,Social Media,NO,NO,Personal Reflection,Young Adults
972,0.1,4,Remain Constant,NO,Leisure and Entertainment,YES,YES,Education,Young Adults
973,4,3,Increased,NO,Leisure and Entertainment,NO,YES,Travel and Exploration,Young Adults
974,0,2,Decreased,NO,Gaming,NO,YES,Education,Pre-Teens
975,1,3,Increased,NO,Communication with others,NO,NO,Education,Pre-Teens
976,2,3,Remain Constant,NO,Gaming,NO,NO,Education,Pre-Teens
977,0.5,3,Decreased,NO,Gaming,YES,NO,Education,Pre-Teens
978,0.1,4,Remain Constant,NO,Leisure and Entertainment,YES,YES,Education,Young Adults
979,0,3,Increased,NO,Leisure and Entertainment,NO,NO,Personal Exploration,Pre-Teens
980,0.3,4,Increased,NO,Watching videos,YES,YES,Education,Pre-Teens
981,0,2,Decreased,NO,Gaming,NO,YES,Personal Exploration,Pre-Teens
982,0.3,3,Remain Constant,NO,Leisure and Entertainment,YES,YES,Social Interactions,Pre-Teens
983,1,2,Decreased,YES,Exercise,NO,YES,Education,Pre-Teens
984,0,3,Increased,NO,Leisure and Entertainment,NO,YES,Education,Young Adults
985,2,2,Decreased,NO,Leisure and Entertainment,NO,NO,Education,Pre-Teens
986,2,1,Decreased,YES,Leisure and Entertainment,NO,YES,Education,Pre-Teens
987,0,3,Remain Constant,NO,Communication with others,NO,YES,Education,Pre-Teens
988,0,2,Increased,NO,Leisure and Entertainment,NO,YES,Education,Young Adults
989,0,3,Remain Constant,YES,Communication with others,YES,YES,Social Interactions,Pre-Teens
990,2,2,Remain Constant,NO,Social Media,NO,YES,Social Interactions,Young Adults
991,1,2,Increased,NO,Leisure and Entertainment,YES,YES,Education,Young Adults
992,2,2,Remain Constant,NO,Sleeping,NO,YES,Education,Pre-Teens
993,0,4,Increased,NO,Social Media,NO,YES,Education,Pre-Teens
994,0.3,4,Decreased,NO,Gaming,YES,YES,Education,Pre-Teens
995,2,2,Increased,NO,Reading books,YES,YES,Education,Children
996,0,3,Remain Constant,NO,Leisure and Entertainment,NO,YES,Travel and Exploration,Pre-Teens
997,0,3,Remain Constant,NO,Leisure and Entertainment,YES,NO,Personal Exploration,Pre-Teens
998,0.3,2,Increased,NO,Leisure and Entertainment,NO,YES,Education,Pre-Teens
999,0,4,Decreased,YES,Reading books,NO,NO,Education,Young Adults
1000,0,3,Increased,NO,Leisure and Entertainment,NO,YES,Travel and Exploration,Young Adults
1001,1,4,Increased,NO,Gaming,NO,YES,Education,Young Adults
1002,1,3,Remain Constant,YES,Leisure and Entertainment,YES,YES,Social Interactions,Young Adults
1003,1,3,Remain Constant,NO,Leisure and Entertainment,NO,NO,Personal Exploration,Young Adults
1004,1,2,Remain Constant,NO,Watching videos,NO,NO,Social Interactions,Pre-Teens
1005,2,2,Remain Constant,NO,Sleeping,YES,YES,Education,Young Adults
1006,2,3,Remain Constant,NO,Gaming,YES,NO,Education,Young Adults
1007,3,2,Remain Constant,NO,Sleeping,NO,YES,Travel and Exploration,Young Adults
1008,2,3,Remain Constant,NO,Watching videos,YES,YES,Travel and Exploration,Young Adults
1009,1,3,Remain Constant,NO,Gaming,YES,YES,Education,Young Adults
1010,0.3,3,Increased,YES,Communication with others,YES,YES,Social Interactions,Adults
1011,0.5,4,Decreased,NO,Meditation,YES,YES,Travel and Exploration,Young Adults
1012,0,2,Remain Constant,NO,Social Media,YES,YES,Dining and Entertainment,Young Adults
1013,0,2,Remain Constant,YES,Watching videos,NO,YES,Travel and Exploration,Young Adults
1014,0,3,Remain Constant,NO,Leisure and Entertainment,YES,YES,Education,Adults
1015,0,2,Remain Constant,NO,Communication with others,YES,YES,Travel and Exploration,Adults
1016,2,3,Remain Constant,NO,Sleeping,NO,YES,Travel and Exploration,Young Adults
1017,0,3,Increased,NO,Watching videos,NO,NO,Travel and Exploration,Adults
1018,0.5,3,Decreased,YES,Sleeping,YES,YES,Dining and Entertainment,Young Adults
1019,0,3,Increased,NO,Leisure and Entertainment,YES,YES,Education,Young Adults
1020,0,2,Remain Constant,NO,Social Media,NO,YES,Education,Pre-Teens
1021,0,3,Increased,NO,Leisure and Entertainment,YES,NO,Personal Exploration,Adults
1022,3,4,Increased,NO,Gaming,YES,YES,Social Interactions,Young Adults
1023,0,3,Remain Constant,NO,Leisure and Entertainment,NO,YES,Personal Exploration,Young Adults
1024,0,3,Remain Constant,NO,Watching videos,YES,YES,Social Interactions,Young Adults
1025,2,2,Decreased,YES,Leisure and Entertainment,NO,YES,Education,Young Adults
1026,0,4,Remain Constant,NO,Social Media,NO,YES,Education,Young Adults
1027,0,4,Remain Constant,NO,Social Media,NO,YES,Education,Young Adults
1028,0.5,3,Remain Constant,NO,Sports and games,NO,YES,Education,Young Adults
1029,1,3,Increased,NO,Leisure and Entertainment,NO,YES,Dining and Entertainment,Young Adults
1030,0,3,Remain Constant,YES,Social Media,NO,NO,Dining and Entertainment,Pre-Teens
1031,1,4,Increased,NO,Reading books,NO,NO,Dining and Entertainment,Pre-Teens
1032,2,3,Increased,NO,Sleeping,YES,NO,Social Interactions,Young Adults
1033,0.5,3,Remain Constant,NO,Watching videos,YES,YES,Travel and Exploration,Young Adults
1034,2,3,Decreased,NO,Leisure and Entertainment,NO,NO,Personal Exploration,Young Adults
1035,3,3,Decreased,NO,Sleeping,YES,YES,Social Interactions,Young Adults
1036,4,3,Increased,YES,Meditation,YES,YES,Social Interactions,Young Adults
1037,0.5,3,Remain Constant,NO,Social Media,NO,NO,Social Interactions,Young Adults
1038,2,4,Remain Constant,NO,Social Media,NO,YES,Dining and Entertainment,Young Adults
1039,0,2,Increased,NO,Reading books,YES,YES,Social Interactions,Young Adults
1040,0,2,Increased,YES,Sleeping,NO,NO,Education,Pre-Teens
1041,2,4,Remain Constant,NO,Leisure and Entertainment,NO,YES,Social Interactions,Pre-Teens
1042,0,2,Increased,NO,Reading books,YES,NO,Personal Exploration,Young Adults
1043,0,3,Remain Constant,NO,Communication with others,NO,YES,Education,Young Adults
1044,1,4,Remain Constant,NO,Meditation,YES,YES,Social Interactions,Pre-Teens
1045,1,2,Remain Constant,NO,Gaming,NO,YES,Personal Exploration,Adults
1046,0.5,2,Increased,NO,Watching videos,NO,YES,Education,Pre-Teens
1047,1,2,Decreased,NO,Leisure and Entertainment,YES,YES,Personal Reflection,Young Adults
1048,0,4,Increased,NO,Social Media,NO,NO,Dining and Entertainment,Young Adults
1049,1,3,Increased,YES,Communication with others,YES,YES,Education,Adults
1050,0,4,Increased,NO,Watching videos,NO,YES,Travel and Exploration,Young Adults
1051,0.3,3,Remain Constant,NO,Gaming,YES,NO,Travel and Exploration,Pre-Teens
1052,1,3,Remain Constant,NO,Leisure and Entertainment,YES,YES,Dining and Entertainment,Pre-Teens
1053,0.5,3,Remain Constant,NO,Leisure and Entertainment,NO,YES,Social Interactions,Pre-Teens
1054,5,3,Increased,NO,Leisure and Entertainment,NO,NO,Personal Exploration,Pre-Teens
1055,1,3,Remain Constant,NO,Watching videos,YES,NO,Education,Pre-Teens
1056,0,2,Increased,NO,Social Media,NO,NO,Social Interactions,Pre-Teens
1057,2,4,Increased,NO,Leisure and Entertainment,YES,YES,Travel and Exploration,Pre-Teens
1058,1,3,Remain Constant,NO,Sleeping,NO,YES,Education,Pre-Teens
1059,0,3,Remain Constant,NO,Gaming,NO,NO,Personal Exploration,Pre-Teens
1060,0,3,Remain Constant,NO,Watching videos,NO,YES,Social Interactions,Pre-Teens
1061,0,2,Decreased,NO,Leisure and Entertainment,NO,NO,All Options,Pre-Teens
1062,8,4,Increased,NO,Watching videos,NO,NO,Personal Reflection,Adults
1063,2,3,Remain Constant,NO,Communication with others,NO,YES,Social Interactions,Pre-Teens
1064,1,3,Remain Constant,NO,Leisure and Entertainment,YES,YES,Social Interactions,Pre-Teens
1065,0.5,4,Decreased,NO,Leisure and Entertainment,YES,YES,Education,Pre-Teens
1066,0,3,Decreased,NO,Gaming,NO,NO,Education,Pre-Teens
1067,1,4,Remain Constant,NO,Gaming,YES,YES,Education,Pre-Teens
1068,0,3,Increased,NO,Gaming,NO,YES,Education,Pre-Teens
1069,1.5,3,Remain Constant,NO,Communication with others,NO,YES,Education,Pre-Teens
1070,1.5,4,Increased,NO,Leisure and Entertainment,YES,YES,Dining and Entertainment,Pre-Teens
1071,0,2,Increased,YES,No stress,NO,NO,Social Interactions,Pre-Teens
1072,2,2,Remain Constant,NO,Leisure and Entertainment,NO,NO,Education,Pre-Teens
1073,1.5,3,Remain Constant,NO,Reading books,YES,YES,Social Interactions,Pre-Teens
1074,0,3,Remain Constant,NO,Leisure and Entertainment,NO,NO,Education,Pre-Teens
1075,1,3,Remain Constant,NO,Sleeping,YES,YES,Social Interactions,Pre-Teens
1076,3,3,Remain Constant,NO,Leisure and Entertainment,YES,YES,Social Interactions,Pre-Teens
1077,0,2,Increased,NO,Social Media,NO,YES,Education,Pre-Teens
1078,1,2,Remain Constant,NO,Leisure and Entertainment,YES,YES,Social Interactions,Pre-Teens
1079,1,2,Increased,NO,Leisure and Entertainment,NO,YES,Social Interactions,Pre-Teens
1080,1,2,Decreased,NO,Leisure and Entertainment,NO,YES,Social Interactions,Pre-Teens
1081,0,2,Remain Constant,NO,Gaming,NO,NO,Transportation,Pre-Teens
1082,1,3,Remain Constant,NO,Sleeping,YES,YES,Social Interactions,Pre-Teens
1083,0.4,4,Remain Constant,NO,Gaming,YES,NO,Social Interactions,Pre-Teens
1084,2,3,Remain Constant,NO,Reading books,NO,YES,Social Interactions,Pre-Teens
1085,0,3,Remain Constant,NO,Gaming,YES,YES,Education,Pre-Teens
1086,0.5,3,Remain Constant,NO,Sleeping,YES,YES,All Options,Pre-Teens
1087,0,3,Remain Constant,NO,Leisure and Entertainment,NO,NO,Education,Pre-Teens
1088,2,2,Remain Constant,NO,Gaming,YES,YES,Education,Pre-Teens
1089,0,3,Decreased,NO,Social Media,YES,YES,Dining and Entertainment,Pre-Teens
1090,1,4,Remain Constant,NO,Communication with others,YES,NO,Dining and Entertainment,Pre-Teens
1091,3,4,Increased,NO,Gaming,NO,NO,Social Interactions,Pre-Teens
1092,0,3,Decreased,NO,Watching videos,YES,YES,Travel and Exploration,Young Adults
1093,0,3,Increased,NO,Leisure and Entertainment,YES,YES,Travel and Exploration,Young Adults
1094,4,2,Increased,NO,Communication with others,NO,YES,Social Interactions,Pre-Teens
1095,1,3,Increased,NO,Gaming,YES,NO,Personal Exploration,Pre-Teens
1096,2,3,Remain Constant,NO,Social Media,NO,NO,Travel and Exploration,Pre-Teens
1097,0,4,Increased,NO,Sleeping,NO,YES,Education,Pre-Teens
1098,0,3,Decreased,NO,Leisure and Entertainment,YES,NO,Travel and Exploration,Young Adults
1099,2,3,Remain Constant,NO,Leisure and Entertainment,NO,YES,Social Interactions,Pre-Teens
1100,0,3,Remain Constant,NO,Leisure and Entertainment,YES,YES,Social Interactions,Pre-Teens
1101,0.5,3,Remain Constant,NO,Leisure and Entertainment,NO,YES,Education,Pre-Teens
1102,2,3,Decreased,NO,Leisure and Entertainment,YES,YES,Social Interactions,Pre-Teens
1103,1,4,Increased,NO,Watching videos,NO,YES,Education,Pre-Teens
1104,0,4,Remain Constant,NO,Communication with others,YES,YES,Education,Pre-Teens
1105,0,2,Increased,NO,Gaming,YES,YES,Education,Children
1106,2,3,Remain Constant,NO,Leisure and Entertainment,YES,YES,Social Interactions,Pre-Teens
1107,0.5,1,Increased,NO,Gaming,YES,YES,Social Interactions,Pre-Teens
1108,2,2,Remain Constant,NO,Leisure and Entertainment,YES,YES,Social Interactions,Children
1109,0,4,Increased,NO,Leisure and Entertainment,YES,YES,Travel and Exploration,Pre-Teens
1110,0.5,4,Remain Constant,NO,Leisure and Entertainment,YES,NO,Education,Pre-Teens
1111,3,3,Increased,NO,Leisure and Entertainment,NO,YES,Social Interactions,Children
1112,1,1,Decreased,NO,Leisure and Entertainment,YES,YES,Social Interactions,Pre-Teens
1113,3,2,Remain Constant,NO,Leisure and Entertainment,YES,YES,Travel and Exploration,Pre-Teens
1114,2,2,Remain Constant,YES,Leisure and Entertainment,YES,YES,Social Interactions,Children
1115,3,3,Remain Constant,NO,Leisure and Entertainment,YES,YES,Education,Pre-Teens
1116,2,2,Increased,NO,Meditation,NO,YES,Social Interactions,Pre-Teens
1117,0,3,Remain Constant,NO,Gaming,NO,NO,Social Interactions,Pre-Teens
1118,0.1,2,Remain Constant,NO,Social Media,NO,NO,Personal Exploration,Pre-Teens
1119,1,3,Remain Constant,NO,Gaming,YES,YES,Education,Pre-Teens
1120,1,4,Remain Constant,NO,Sleeping,YES,YES,Education,Pre-Teens
1121,2,3,Remain Constant,NO,Exercise,YES,NO,Social Interactions,Pre-Teens
1122,2,3,Decreased,NO,Watching videos,YES,YES,Education,Pre-Teens
1123,0,2,Decreased,NO,Leisure and Entertainment,YES,NO,Social Interactions,Pre-Teens
1124,0,2,Remain Constant,NO,Leisure and Entertainment,NO,NO,Social Interactions,Pre-Teens
1125,3,3,Increased,NO,Gaming,NO,YES,Education,Pre-Teens
1126,2,4,Remain Constant,NO,Sleeping,YES,YES,Education,Pre-Teens
1127,2,3,Remain Constant,NO,Gaming,NO,YES,Personal Reflection,Pre-Teens
1128,5,3,Remain Constant,NO,Gaming,NO,YES,All Options,Pre-Teens
1129,1,2,Remain Constant,NO,Social Media,YES,YES,Education,Children
1130,2,2,Remain Constant,NO,Meditation,YES,YES,Social Interactions,Children
1131,1,3,Increased,NO,Watching videos,YES,YES,Social Interactions,Children
1132,0,2,Decreased,NO,Leisure and Entertainment,NO,YES,Dining and Entertainment,Pre-Teens
1133,1,3,Remain Constant,NO,Sleeping,YES,YES,Education,Pre-Teens
1134,1,3,Increased,NO,Gaming,YES,NO,Travel and Exploration,Pre-Teens
1135,1,3,Remain Constant,NO,Communication with others,YES,YES,Education,Children
1136,1,2,Increased,NO,Reading books,YES,YES,Education,Pre-Teens
1137,0.5,2,Remain Constant,NO,Social Media,YES,YES,Social Interactions,Children
1138,0.3,3,Remain Constant,NO,Gaming,NO,YES,Social Interactions,Pre-Teens
1139,0.5,4,Increased,YES,Leisure and Entertainment,YES,YES,Travel and Exploration,Pre-Teens
1140,2,2,Decreased,NO,Leisure and Entertainment,YES,YES,Social Interactions,Pre-Teens
1141,1,2,Remain Constant,NO,Gaming,NO,YES,Social Interactions,Pre-Teens
1142,2,4,Remain Constant,NO,Gaming,YES,YES,Social Interactions,Pre-Teens
1143,1,2,Decreased,NO,Exercise,NO,YES,Education and Social Interactions,Pre-Teens
1144,0,2,Increased,NO,Communication with others,NO,YES,Education,Young Adults
1145,0.5,3,Remain Constant,NO,Gaming,YES,YES,Social Interactions,Pre-Teens
1146,0.5,1,Decreased,NO,Watching videos,YES,NO,Education,Children
1147,2,4,Increased,NO,Leisure and Entertainment,YES,YES,Education,Pre-Teens
1148,1,3,Remain Constant,NO,Leisure and Entertainment,NO,YES,Social Interactions,Pre-Teens
1149,2,3,Remain Constant,NO,Social Media,YES,YES,Dining and Entertainment,Children
1150,1,2,Remain Constant,NO,Leisure and Entertainment,YES,YES,All Options,Pre-Teens
1151,3,4,Remain Constant,NO,Meditation,YES,YES,Social Interactions,Children
1152,2,2,Remain Constant,NO,Leisure and Entertainment,YES,YES,Dining and Entertainment,Children
1153,0,3,Remain Constant,NO,Leisure and Entertainment,YES,NO,Personal Reflection,Pre-Teens
1154,1,4,Increased,NO,Sleeping,YES,YES,Personal Exploration,Pre-Teens
1155,1,1,Decreased,NO,Social Media,NO,YES,Social Interactions,Pre-Teens
1156,1,2,Remain Constant,NO,Leisure and Entertainment,YES,YES,Education,Children
1157,1,3,Remain Constant,NO,Sleeping,YES,YES,Education and Social Interactions,Pre-Teens
1158,0,3,Increased,NO,Sleeping,YES,YES,Education,Pre-Teens
1159,1,4,Increased,NO,Sleeping,YES,YES,Social Interactions,Children
1160,1,2,Remain Constant,NO,Leisure and Entertainment,YES,YES,Education,Pre-Teens
1161,2,3,Decreased,NO,Leisure and Entertainment,YES,NO,Social Interactions,Pre-Teens
1162,1,3,Remain Constant,NO,Exercise,YES,YES,Social Interactions,Children
1163,1.5,3,Decreased,NO,Leisure and Entertainment,YES,YES,Education,Pre-Teens
1164,1,4,Increased,NO,Leisure and Entertainment,NO,YES,Social Interactions,Children
1165,3,4,Remain Constant,NO,Gaming,YES,YES,Social Interactions,Pre-Teens
1166,1,4,Remain Constant,NO,Leisure and Entertainment,NO,YES,Personal Exploration,Children
1167,1,3,Remain Constant,NO,Leisure and Entertainment,YES,NO,Social Interactions,Children
1168,2,3,Decreased,NO,Exercise,YES,YES,Social Interactions,Pre-Teens
1169,2,4,Remain Constant,NO,Leisure and Entertainment,YES,YES,Social Interactions,Pre-Teens
1170,0,4,Remain Constant,NO,Leisure and Entertainment,YES,YES,Education,Pre-Teens
1171,2,3,Decreased,NO,Reading books,YES,YES,Education,Pre-Teens
1172,1,2,Remain Constant,NO,Gaming,NO,YES,Education,Pre-Teens
1173,3,4,Remain Constant,NO,Communication with others,YES,YES,Education,Children
1174,1,3,Decreased,NO,Leisure and Entertainment,YES,YES,Travel and Exploration,Pre-Teens
1175,0,4,Increased,NO,Social Media,NO,YES,Travel and Exploration,Pre-Teens
1176,1,3,Remain Constant,NO,Watching videos,NO,NO,Education,Pre-Teens
1177,2,3,Decreased,NO,Exercise,YES,YES,Travel and Exploration,Children
1178,1,4,Remain Constant,NO,Leisure and Entertainment,YES,YES,Social Interactions,Pre-Teens
1179,2,4,Decreased,NO,Gaming,NO,YES,Education,Pre-Teens
1180,1,4,Remain Constant,NO,Reading books,YES,YES,Education,Pre-Teens
1181,1,3,Remain Constant,NO,Communication with others,YES,YES,Education,Pre-Teens
